gene_index,gene_id,upstream_sequence,genomic_start,genomic_end,strand,gene_start,gene_end,sequence_length
0,gene-NCTC11427_00001,AGATTGACACG,48,59,+,63,1362,11
1,gene-NCTC11427_00002,AATAAAGGAGA,1505,1516,+,1520,2657,11
2,gene-NCTC11427_00003,GAAAAGGAGAG,2706,2717,+,2721,2916,11
3,gene-NCTC11427_00004,GGAGAATGAGA,2985,2996,+,3000,4116,11
4,gene-NCTC11427_00005,TGAAAGGAAAA,4174,4185,+,4189,4759,11
5,gene-NCTC11427_00006,AGGTATAACGG,4744,4755,+,4759,8263,11
6,gene-NCTC11427_00007,TTTGAGGTAAT,8305,8316,+,8320,8587,11
7,gene-NCTC11427_00008,CACGGGTAGAA,8564,8575,+,8579,8948,11
8,gene-NCTC11427_00009,TTCCGAGGTAA,8937,8948,+,8952,9075,11
9,gene-NCTC11427_00010,AAAGGGAAGAG,9052,9063,+,9067,10336,11
10,gene-NCTC11427_00011,CTATGAGGTTC,10317,10328,+,10332,11610,11
11,gene-NCTC11427_00012,TAGATAGGTAA,11599,11610,+,11614,12157,11
12,gene-NCTC11427_00013,AAAGATTTATC,12157,12168,+,12172,14131,11
13,gene-NCTC11427_00014,GAGTTGAAAAA,14473,14484,+,14488,14560,11
14,gene-NCTC11427_00015,CTCAAACTTTT,14782,14793,+,14797,16334,11
15,gene-NCTC11427_00016,TCTTGAGAGGT,16374,16385,+,16389,16464,11
16,gene-NCTC11427_00017,GGTCAAAAAAT,16572,16583,+,16587,19488,11
17,gene-NCTC11427_00018,TATTACTCAGA,19553,19564,+,19568,19682,11
18,gene-NCTC11427_00019,GTCGCTTAGCT,19671,19682,+,19686,19760,11
19,gene-NCTC11427_00020,AAAGGGAATTT,19953,19964,+,19968,20205,11
20,gene-NCTC11427_00021,GGTGAAATTCC,20383,20394,+,20398,21733,11
21,gene-NCTC11427_00022,GAAAAGAGAAG,21918,21929,+,21933,22401,11
22,gene-NCTC11427_00024,AAAAAGAGGAA,22574,22585,+,22589,23033,11
23,gene-NCTC11427_00025,TAATCGCGGAT,22968,22979,+,22983,23574,11
24,gene-NCTC11427_00026,GTCAAGAATGC,23710,23721,+,23725,24949,11
25,gene-NCTC11427_00027,TTTGAGGAGGG,25006,25017,+,25021,25516,11
26,gene-NCTC11427_00028,ATACCGGAGGA,25714,25725,+,25729,26698,11
27,gene-NCTC11427_00029,AAAAGGAGGAA,26802,26813,+,26817,27255,11
28,gene-NCTC11427_00030,TTTTCGGAGGT,28298,28309,-,27283,28294,11
29,gene-NCTC11427_00031,GCAAGGGGGAT,28430,28441,+,28445,29615,11
30,gene-NCTC11427_00032,GTATATGAGAG,29596,29607,+,29611,30382,11
31,gene-NCTC11427_00033,AAAAGAGGAAG,30363,30374,+,30378,31371,11
32,gene-NCTC11427_00034,AGGAGAATAAA,31361,31372,+,31376,31613,11
33,gene-NCTC11427_00035,TAAAGGAGAAA,32038,32049,+,32053,32242,11
34,gene-NCTC11427_00036,GAAGGAGGAGA,32244,32255,+,32259,32427,11
35,gene-NCTC11427_00037,AAATAGGAGTC,32421,32432,+,32436,32625,11
36,gene-NCTC11427_00038,GAAAAAGGAGA,33044,33055,+,33059,35213,11
37,gene-NCTC11427_00039,TAGAAAGAGGA,35210,35221,+,35225,36575,11
38,gene-NCTC11427_00040,AAGGCGAACTT,36727,36738,+,36742,37450,11
39,gene-NCTC11427_00041,AAGGAATAAGA,37491,37502,+,37506,41232,11
40,gene-NCTC11427_00042,TAAAAGGTATA,41229,41240,+,41244,42687,11
41,gene-NCTC11427_00043,GGAAGAGGAAA,42715,42726,+,42730,43753,11
42,gene-NCTC11427_00044,AAGTGTCATCA,43734,43745,+,43749,44295,11
43,gene-NCTC11427_00045,ATGAAAGGAAA,44295,44306,+,44310,45858,11
44,gene-NCTC11427_00046,AAAAGAGGTTG,45963,45974,+,45978,47244,11
45,gene-NCTC11427_00047,AAAAAAGGAAA,47429,47440,+,47444,47936,11
46,gene-NCTC11427_00048,CAGAGGAGTCA,47907,47918,+,47922,49014,11
47,gene-NCTC11427_00049,TGAACAGAGGG,49453,49464,+,49468,51358,11
48,gene-NCTC11427_00050,GGAGAAAAACA,51359,51370,+,51374,52673,11
49,gene-NCTC11427_00051,CAAGGAGGTTT,56490,56501,-,52730,56486,11
50,gene-NCTC11427_00052,ATCGAGGTGAA,57509,57520,-,56788,57505,11
51,gene-NCTC11427_00053,GTCAGAGGTAA,57811,57822,+,57826,59614,11
52,gene-NCTC11427_00054,AAAGGGGGAAA,59595,59606,+,59610,60087,11
53,gene-NCTC11427_00055,TAGGAGGTCAT,60098,60109,+,60113,61019,11
54,gene-NCTC11427_00056,GTGGGGAAATC,60990,61001,+,61005,61827,11
55,gene-NCTC11427_00057,ATGGGCGCATA,61815,61826,+,61830,62235,11
56,gene-NCTC11427_00058,GATTAGAGGAA,62324,62335,+,62339,63506,11
57,gene-NCTC11427_00059,AATAAGGAAGT,63501,63512,+,63516,64512,11
58,gene-NCTC11427_00060,TCAAAGGAGAG,64642,64653,+,64657,65695,11
59,gene-NCTC11427_00061,AAAAGGAGACA,65790,65801,+,65805,66660,11
60,gene-NCTC11427_00062,GAGACGGGAAA,66958,66969,+,66973,67546,11
61,gene-NCTC11427_00063,AGGGAGAAATG,67532,67543,+,67547,68210,11
62,gene-NCTC11427_00064,CTGTGGTGATT,68316,68327,+,68331,69003,11
63,gene-NCTC11427_00065,AAAGAGAGGAT,68990,69001,+,69005,69662,11
64,gene-NCTC11427_00066,ACAGGAGGAGT,69723,69734,+,69738,70296,11
65,gene-NCTC11427_00067,ACCAAGGATAA,70480,70491,+,70495,70753,11
66,gene-NCTC11427_00068,CAGAAGGAGTC,71275,71286,-,70974,71271,11
67,gene-NCTC11427_00069,TATGTGGAGGT,71930,71941,-,71620,71926,11
68,gene-NCTC11427_00070,GTGTGAGGTGA,72085,72096,+,72100,72664,11
69,gene-NCTC11427_00071,GGAGAGGAAAA,72921,72932,+,72936,74172,11
70,gene-NCTC11427_00072,CCAAGGAGGAA,74584,74595,+,74599,75316,11
71,gene-NCTC11427_00073,CAGAAGGTGAG,75302,75313,+,75317,76400,11
72,gene-NCTC11427_00074,AGGTGTGAAGA,76424,76435,+,76439,77063,11
73,gene-NCTC11427_00075,TAGAGGAGGTG,77332,77343,+,77347,78112,11
74,gene-NCTC11427_00076,TGGTAGAATGT,78130,78141,+,78145,79525,11
75,gene-NCTC11427_00077,AAGAAAGGAAA,79523,79534,+,79538,80204,11
76,gene-NCTC11427_00078,TCTAAGGAGAA,80343,80354,+,80358,82446,11
77,gene-NCTC11427_00079,TCGAAGGAGTG,82511,82522,+,82526,83225,11
78,gene-NCTC11427_00080,ACCAAGAGGTA,83206,83217,+,83221,84256,11
79,gene-NCTC11427_00081,CAGGAGGACAT,84443,84454,+,84458,85070,11
80,gene-NCTC11427_00082,GAGAGAAGGAA,85878,85889,+,85893,86076,11
81,gene-NCTC11427_00083,CAGAGAGGAAA,86136,86147,+,86151,86367,11
82,gene-NCTC11427_00084,TTGAAAGAAAA,86403,86414,+,86418,86667,11
83,gene-NCTC11427_00085,AGGAGGGGATG,86765,86776,+,86780,87068,11
84,gene-NCTC11427_00086,GAAAGGAATAT,87053,87064,+,87068,87260,11
85,gene-NCTC11427_00087,TTGGGATGGTC,87311,87322,+,87326,87539,11
86,gene-NCTC11427_00088,TCGGAGAATTC,88946,88957,-,88045,88942,11
87,gene-NCTC11427_00089,TAGAAGGGAGA,89657,89668,-,89503,89653,11
88,gene-NCTC11427_00090,AAAGGAGAAAT,89855,89866,-,89668,89851,11
89,gene-NCTC11427_00091,AATGGGAGGGA,90066,90077,+,90081,91785,11
90,gene-NCTC11427_00092,CGTGGAGGGAC,92191,92202,-,91845,92187,11
91,gene-NCTC11427_00093,TAAAGAGGATT,92339,92350,+,92354,93635,11
92,gene-NCTC11427_00094,AAGGAGAAAAA,93766,93777,+,93781,93985,11
93,gene-NCTC11427_00095,AGAGGAGGATG,93969,93980,+,93984,94188,11
94,gene-NCTC11427_00096,AAAAGGAGAAA,94169,94180,+,94184,94535,11
95,gene-NCTC11427_00097,GAAAGAGGTTA,94534,94545,+,94549,95251,11
96,gene-NCTC11427_00098,AAATAGGAGAA,95245,95256,+,95260,95902,11
97,gene-NCTC11427_00099,ACTCAGGAGGA,95905,95916,+,95920,96139,11
98,gene-NCTC11427_00100,AAGAGGAGAGA,96275,96286,+,96290,98054,11
99,gene-NCTC11427_00101,TACAAGTAGAA,98016,98027,+,98031,98973,11
100,gene-NCTC11427_00102,TAGGGAGGTAT,99575,99586,-,99049,99571,11
101,gene-NCTC11427_00103,AAATGGGTGAA,99960,99971,-,99572,99956,11
102,gene-NCTC11427_00104,TTTTGGAGGCG,100981,100992,-,99933,100977,11
103,gene-NCTC11427_00105,AAATAGGAGAT,102190,102201,-,101199,102186,11
104,gene-NCTC11427_00106,TTTAGAAAGAT,103000,103011,-,102195,102996,11
105,gene-NCTC11427_00107,TGGAGGACGTC,104023,104034,-,103176,104019,11
106,gene-NCTC11427_00108,ATGAAAGGAGT,105317,105328,-,104020,105313,11
107,gene-NCTC11427_00109,TAGGAGGAATA,106715,106726,-,105439,106711,11
108,gene-NCTC11427_00110,ACATGAGGTGC,107170,107181,+,107185,108703,11
109,gene-NCTC11427_00111,AGGAGACACAT,108712,108723,+,108727,110986,11
110,gene-NCTC11427_00112,TGCTAGACTTA,111901,111912,-,111048,111897,11
111,gene-NCTC11427_00113,AAGGAGGAAAC,112033,112044,+,112048,112327,11
112,gene-NCTC11427_00114,TTATAGGAGAA,112313,112324,+,112328,114389,11
113,gene-NCTC11427_00115,AAGGAGAAAAG,115727,115738,-,114466,115723,11
114,gene-NCTC11427_00116,AAAGCGAGGAC,115848,115859,+,115863,118365,11
115,gene-NCTC11427_00117,TGTTACAATAA,118427,118438,+,118442,119354,11
116,gene-NCTC11427_00118,AACCAGGAGGC,119423,119434,+,119438,120137,11
117,gene-NCTC11427_00119,AAGGAGGATCG,120191,120202,+,120206,121337,11
118,gene-NCTC11427_00120,GTAGAGGGCTT,121333,121344,+,121348,121888,11
119,gene-NCTC11427_00121,AGGAGGTGCTA,121856,121867,+,121871,122552,11
120,gene-NCTC11427_00122,ATAGAAAGGAA,123576,123587,-,122672,123572,11
121,gene-NCTC11427_00123,TACAAGGAGGA,124614,124625,-,123593,124610,11
122,gene-NCTC11427_00124,AGGAGCTGACG,124765,124776,+,124780,126523,11
123,gene-NCTC11427_00125,GAAAGGAGGAA,126509,126520,+,126524,128291,11
124,gene-NCTC11427_00126,GAAAGGAGACA,128415,128426,+,128430,129120,11
125,gene-NCTC11427_00127,TTTTGGAGGAT,129273,129284,+,129288,130638,11
126,gene-NCTC11427_00128,TTTATAGGAGA,130750,130761,+,130765,132226,11
127,gene-NCTC11427_00129,TAAAAAGGACT,132223,132234,+,132238,132673,11
128,gene-NCTC11427_00130,AGTTGAAAAGC,132774,132785,+,132789,132861,11
129,gene-NCTC11427_00131,CTCAAACTTTT,133083,133094,+,133098,134635,11
130,gene-NCTC11427_00132,TCTTGAGAGGT,134675,134686,+,134690,134765,11
131,gene-NCTC11427_00133,GGTCAAAAAAT,134873,134884,+,134888,137789,11
132,gene-NCTC11427_00134,TATTACTCAGA,137854,137865,+,137869,137983,11
133,gene-NCTC11427_00135,AGTCGCTTAGC,137971,137982,+,137986,138059,11
134,gene-NCTC11427_00136,GTTAACTCCCA,138048,138059,+,138063,138136,11
135,gene-NCTC11427_00137,CAAGTTTTTTA,138154,138165,+,138169,138245,11
136,gene-NCTC11427_00138,GCCCATTTATA,138239,138250,+,138254,138328,11
137,gene-NCTC11427_00139,TACGGACTATT,138318,138329,+,138333,138423,11
138,gene-NCTC11427_00140,TCCTTTTTATA,138419,138430,+,138434,138508,11
139,gene-NCTC11427_00141,CCTGCTCCCGC,138495,138506,+,138510,138585,11
140,gene-NCTC11427_00142,ATTTTATTTAT,138585,138596,+,138600,138683,11
141,gene-NCTC11427_00143,TTCCATTACTT,138677,138688,+,138692,138765,11
142,gene-NCTC11427_00144,TGTTAATATGA,138762,138773,+,138777,138852,11
143,gene-NCTC11427_00145,GCCTATTTTAT,138848,138859,+,138863,138937,11
144,gene-NCTC11427_00146,ACCCCAGTTAC,138929,138940,+,138944,139030,11
145,gene-NCTC11427_00147,AGAGTTTGGTG,139198,139209,+,139213,140491,11
146,gene-NCTC11427_00148,AAAGGATAGAG,140551,140562,+,140566,142051,11
147,gene-NCTC11427_00149,CATCAGGAGGA,142096,142107,+,142111,143392,11
148,gene-NCTC11427_00150,TTGAAAGGATA,143380,143391,+,143395,144016,11
149,gene-NCTC11427_00151,AAGGAATATGA,144166,144177,+,144181,145393,11
150,gene-NCTC11427_00152,GAAGGTGAGAA,145518,145529,+,145533,146403,11
151,gene-NCTC11427_00153,TGGTATAATGA,147406,147417,-,146544,147402,11
152,gene-NCTC11427_00154,CTTCGGAGGTA,147503,147514,+,147518,148661,11
153,gene-NCTC11427_00155,GGAGAATAGAC,148779,148790,+,148794,150612,11
154,gene-NCTC11427_00156,AAGGAGGTTAT,150737,150748,+,150752,151904,11
155,gene-NCTC11427_00157,AAGGAAGTAGT,152046,152057,+,152061,152427,11
156,gene-NCTC11427_00158,GATAAGGAGGG,152473,152484,+,152488,153430,11
157,gene-NCTC11427_00159,AGCAGCTTCTT,153362,153373,+,153377,154394,11
158,gene-NCTC11427_00160,AGGTAAATTTT,154380,154391,+,154395,154719,11
159,gene-NCTC11427_00161,ATTAAGGCCTT,154714,154725,+,154729,155116,11
160,gene-NCTC11427_00162,AATTATATCTA,155063,155074,+,155078,155381,11
161,gene-NCTC11427_00163,GATTGGAGGTC,155328,155339,+,155343,155805,11
162,gene-NCTC11427_00164,GGGAGTTCATC,155767,155778,+,155782,156196,11
163,gene-NCTC11427_00165,TGCTAAACTAA,156213,156224,+,156228,156816,11
164,gene-NCTC11427_00166,TGATAAGATAG,156861,156872,+,156876,157830,11
165,gene-NCTC11427_00167,AAGAGGTATCA,157866,157877,+,157881,159072,11
166,gene-NCTC11427_00168,AGATGGAGTTG,159206,159217,+,159221,159593,11
167,gene-NCTC11427_00169,TTTACCAGGAA,159546,159557,+,159561,160395,11
168,gene-NCTC11427_00170,AGGAGGAATCT,160394,160405,+,160409,161396,11
169,gene-NCTC11427_00171,AGGAAAGATTC,161436,161447,+,161451,162075,11
170,gene-NCTC11427_00172,GAGAAAGGAAA,162177,162188,+,162192,164169,11
171,gene-NCTC11427_00173,AAAGGAGAAAA,164273,164284,+,164288,164618,11
172,gene-NCTC11427_00174,ACAAGAGGAAA,164650,164661,+,164665,165109,11
173,gene-NCTC11427_00175,AAAATGAGAGT,165080,165091,+,165095,165509,11
174,gene-NCTC11427_00176,GCTATGGAGGA,165789,165800,+,165804,168456,11
175,gene-NCTC11427_00177,AGGAGGAAATC,168760,168771,+,168775,169783,11
176,gene-NCTC11427_00178,GTTCACTGGAA,170577,170588,-,169850,170573,11
177,gene-NCTC11427_00179,TGATAAAATAA,170797,170808,+,170812,173008,11
178,gene-NCTC11427_00180,AGATAGGAGAG,173207,173218,+,173222,173399,11
179,gene-NCTC11427_00181,ATGAAAGGAAA,173442,173453,+,173457,173994,11
180,gene-NCTC11427_00182,AGAAAGGAGAG,174099,174110,+,174114,174588,11
181,gene-NCTC11427_00183,GAGTTGAAAAA,174637,174648,+,174652,174724,11
182,gene-NCTC11427_00184,CTCAAACTTTT,174946,174957,+,174961,176498,11
183,gene-NCTC11427_00185,TCTTGAGAGGT,176538,176549,+,176553,176628,11
184,gene-NCTC11427_00186,GGTCAAAAAAT,176736,176747,+,176751,179652,11
185,gene-NCTC11427_00187,TATTACTCAGA,179717,179728,+,179732,179846,11
186,gene-NCTC11427_00188,AGTCGCTTAGC,179834,179845,+,179849,179922,11
187,gene-NCTC11427_00189,CCGTTAACTCC,179909,179920,+,179924,179997,11
188,gene-NCTC11427_00190,ACGGAAGTTAT,180006,180017,+,180021,180094,11
189,gene-NCTC11427_00191,AGTACGGGTCA,180083,180094,+,180098,180182,11
190,gene-NCTC11427_00192,GCATAATAGAA,180178,180189,+,180193,180266,11
191,gene-NCTC11427_00193,GAATAAGAGGT,180278,180289,+,180293,180365,11
192,gene-NCTC11427_00194,CGTTCGCTTAG,180357,180368,+,180372,180458,11
193,gene-NCTC11427_00195,GGCATATAATG,180454,180465,+,180469,180543,11
194,gene-NCTC11427_00196,TTTTTTTATTT,180544,180555,+,180559,180633,11
195,gene-NCTC11427_00197,ATGTGAGGAAA,180793,180804,+,180808,185200,11
196,gene-NCTC11427_00198,ACGGAGAACAT,185208,185219,+,185223,185376,11
197,gene-NCTC11427_00199,AAAAGGAAAAA,185376,185387,+,185391,186633,11
198,gene-NCTC11427_00200,AATTAAGGAGA,186627,186638,+,186642,186873,11
199,gene-NCTC11427_00201,TGATATAATAG,186931,186942,+,186946,187669,11
200,gene-NCTC11427_00202,TAAAAGGAGGA,187763,187774,+,187778,189113,11
201,gene-NCTC11427_00203,GATATTGGAGT,189267,189278,+,189282,191511,11
202,gene-NCTC11427_00204,GAAAGGGGATC,192490,192501,-,191574,192486,11
203,gene-NCTC11427_00205,AAAAGGAATAA,193317,193328,-,192500,193313,11
204,gene-NCTC11427_00206,GGAGGAATGAC,194382,194393,-,193388,194378,11
205,gene-NCTC11427_00207,ACTAGGAAGGT,195478,195489,-,194661,195474,11
206,gene-NCTC11427_00208,AAAAGGAGATT,195646,195657,+,195661,197080,11
207,gene-NCTC11427_00209,ATAAGGAGGTA,197118,197129,+,197133,197841,11
208,gene-NCTC11427_00210,TTGAGGAGTGA,197929,197940,+,197944,198889,11
209,gene-NCTC11427_00211,AACAATATAAA,198875,198886,+,198890,200213,11
210,gene-NCTC11427_00212,AGAGGAAGAAC,200178,200189,+,200193,200748,11
211,gene-NCTC11427_00213,TAGAAAGGACT,200891,200902,+,200906,201728,11
212,gene-NCTC11427_00214,AGTTGGAGCAA,201705,201716,+,201720,203004,11
213,gene-NCTC11427_00215,AAGGAGGAGGA,203376,203387,-,203054,203372,11
214,gene-NCTC11427_00216,TAGAAAGGAAA,203561,203572,+,203576,204587,11
215,gene-NCTC11427_00217,AAGAGTGACTA,205606,205617,-,204639,205602,11
216,gene-NCTC11427_00218,GGAGAATGGGA,205652,205663,+,205667,207059,11
217,gene-NCTC11427_00219,TTGGCTCTTCA,208357,208368,-,208259,208353,11
218,gene-NCTC11427_00220,TCAGGAGGTTT,210115,210126,-,209658,210111,11
219,gene-NCTC11427_00221,AGGGGATGAGA,210263,210274,+,210278,210578,11
220,gene-NCTC11427_00222,AATTGAGGAAA,210706,210717,+,210721,211936,11
221,gene-NCTC11427_00223,GAGGAGGTATT,212065,212076,+,212080,212215,11
222,gene-NCTC11427_00224,TCAAAGGAAAA,214246,214257,-,212397,214242,11
223,gene-NCTC11427_00225,ATGAGGTTAGA,214378,214389,+,214393,215161,11
224,gene-NCTC11427_00226,CAGTAGCGACT,215117,215128,+,215132,215738,11
225,gene-NCTC11427_00227,ATGACAACTAG,215727,215738,+,215742,216309,11
226,gene-NCTC11427_00228,CTAACGGAGTC,216305,216316,+,216320,217175,11
227,gene-NCTC11427_00229,TAAGGACAGTG,217353,217364,+,217368,217704,11
228,gene-NCTC11427_00230,TAGAAAAGAGA,217685,217696,+,217700,218573,11
229,gene-NCTC11427_00231,GACAAGGACTC,218559,218570,+,218574,219453,11
230,gene-NCTC11427_00232,AATAAGGAGAA,219448,219459,+,219463,220120,11
231,gene-NCTC11427_00233,TTAAGGGAGAT,220067,220078,+,220082,220745,11
232,gene-NCTC11427_00234,AGGACAGGAGG,220731,220742,+,220746,222003,11
233,gene-NCTC11427_00235,AAGATGAGGAA,221977,221988,+,221992,222934,11
234,gene-NCTC11427_00236,AGAAGAAGTGA,223047,223058,+,223062,223866,11
235,gene-NCTC11427_00237,AATAGAAGGAT,223917,223928,+,223932,225189,11
236,gene-NCTC11427_00238,AAGGAAGGTGA,225295,225306,+,225310,226105,11
237,gene-NCTC11427_00239,ATTTTTAAAGA,227119,227130,-,226176,227115,11
238,gene-NCTC11427_00240,TCAAAGGGGTT,227466,227477,-,227183,227462,11
239,gene-NCTC11427_00241,TGTTATAATAT,227480,227491,+,227495,228236,11
240,gene-NCTC11427_00242,AAAAGGAGAAT,228275,228286,+,228290,228974,11
241,gene-NCTC11427_00243,TTTGAGGAGCT,229068,229079,+,229083,230076,11
242,gene-NCTC11427_00244,GGTATAATAAA,230125,230136,+,230140,230680,11
243,gene-NCTC11427_00245,GTAAGGTGACG,230654,230665,+,230669,231158,11
244,gene-NCTC11427_00246,TGGAGGAATTA,231126,231137,+,231141,232179,11
245,gene-NCTC11427_00247,GTAAAGGAAAC,232473,232484,+,232488,233772,11
246,gene-NCTC11427_00248,GAATCGAGGCA,233743,233754,+,233758,233953,11
247,gene-NCTC11427_00249,GAAATAAGGAG,233978,233989,+,233993,234818,11
248,gene-NCTC11427_00250,TTTAGGAGAAG,234938,234949,+,234953,236285,11
249,gene-NCTC11427_00251,TAATAATAAAC,236494,236505,-,236417,236490,11
250,gene-NCTC11427_00252,AGAGGAGTTAA,236772,236783,+,236787,238767,11
251,gene-NCTC11427_00253,TTAAAAGGAAA,238818,238829,+,238833,240330,11
252,gene-NCTC11427_00254,GAAAGGAGGCA,240314,240325,+,240329,241256,11
253,gene-NCTC11427_00255,TAGATAGGAGT,241249,241260,+,241264,242332,11
254,gene-NCTC11427_00256,ACTAGGAGGAA,242327,242338,+,242342,243272,11
255,gene-NCTC11427_00257,ATTGAGAGGTA,244804,244815,-,243360,244800,11
256,gene-NCTC11427_00258,AAAGTAGGTTT,246157,246168,-,244803,246153,11
257,gene-NCTC11427_00260,AAAAGGAAGCC,246538,246549,+,246553,247057,11
258,gene-NCTC11427_00262,TTGGAGGAACC,247454,247465,+,247469,248033,11
259,gene-NCTC11427_00263,CAACCTTAAAA,248007,248018,+,248022,248673,11
260,gene-NCTC11427_00265,ACTGATGGAGG,248930,248941,+,248945,249992,11
261,gene-NCTC11427_00266,CTTACAATCAG,250106,250117,+,250121,252527,11
262,gene-NCTC11427_00267,TCTCGGAGGTG,252764,252775,+,252779,253673,11
263,gene-NCTC11427_00268,TGGAGTTTCTT,253723,253734,+,253738,254869,11
264,gene-NCTC11427_00270,CATATAGGAGA,255064,255075,+,255079,255526,11
265,gene-NCTC11427_00271,AAGGAACAATA,255529,255540,+,255544,255937,11
266,gene-NCTC11427_00272,AAAGGAGATTG,256152,256163,+,256167,257133,11
267,gene-NCTC11427_00273,AAGGGAAGTTT,257386,257397,+,257401,257914,11
268,gene-NCTC11427_00274,TTAAGGAGATT,258184,258195,+,258199,260167,11
269,gene-NCTC11427_00275,ATAAAGGAGTG,260298,260309,+,260313,262275,11
270,gene-NCTC11427_00276,GTATAGGGGAT,262451,262462,+,262466,263912,11
271,gene-NCTC11427_00277,TGGAGGGCAAG,263898,263909,+,263913,264645,11
272,gene-NCTC11427_00278,GATTTAGGAGA,264638,264649,+,264653,265346,11
273,gene-NCTC11427_00279,AAATAGGAGAG,265340,265351,+,265355,266048,11
274,gene-NCTC11427_00280,TTTAGGGAAGA,266055,266066,+,266070,267438,11
275,gene-NCTC11427_00281,CCTGTTAGGAG,267453,267464,+,267468,268641,11
276,gene-NCTC11427_00282,TTTAAAGGGTA,268629,268640,+,268644,269802,11
277,gene-NCTC11427_00283,TAGAAAAGATT,269789,269800,+,269804,270803,11
278,gene-NCTC11427_00284,GAAAGAAAAGG,270822,270833,+,270837,271803,11
279,gene-NCTC11427_00285,GATTAGAAAAA,271822,271833,+,271837,272188,11
280,gene-NCTC11427_00286,GATTGAAAGGG,272568,272579,+,272583,273759,11
281,gene-NCTC11427_00287,AAATTTTCTAT,273791,273802,+,273806,275222,11
282,gene-NCTC11427_00288,TTAGGAAAAAC,275208,275219,+,275223,276222,11
283,gene-NCTC11427_00289,TAAAAAGGAGA,276219,276230,+,276234,277338,11
284,gene-NCTC11427_00290,TAAAGGGGAGA,277350,277361,+,277365,278418,11
285,gene-NCTC11427_00291,GAAAGGAAGCC,278474,278485,+,278489,279359,11
286,gene-NCTC11427_00292,ATTGGAGAAAT,279344,279355,+,279359,279953,11
287,gene-NCTC11427_00293,GAAGATTTGTA,279941,279952,+,279956,280505,11
288,gene-NCTC11427_00294,GAGAAAAGAAA,280482,280493,+,280497,281544,11
289,gene-NCTC11427_00295,GTTAAGGAGAA,282463,282474,-,281604,282459,11
290,gene-NCTC11427_00296,TTAAAGGAGAA,282681,282692,+,282696,284679,11
291,gene-NCTC11427_00297,AGGATTTAGGA,284963,284974,+,284978,291404,11
292,gene-NCTC11427_00298,AGGAATAGGAG,291529,291540,+,291544,299794,11
293,gene-NCTC11427_00299,AGGTGGTAAAA,302134,302145,-,299961,302130,11
294,gene-NCTC11427_00300,CCAATAAGGAG,302727,302738,-,302126,302723,11
295,gene-NCTC11427_00301,AAGAAAGGGTT,302774,302785,+,302789,303317,11
296,gene-NCTC11427_00302,AGAATGGAGAG,303371,303382,+,303386,303716,11
297,gene-NCTC11427_00304,CTTGCAAGACT,304186,304197,+,304201,305359,11
298,gene-NCTC11427_00305,TAGAAAGGTGA,305356,305367,+,305371,306817,11
299,gene-NCTC11427_00306,CAAGAGGAGTG,306877,306888,+,306892,308317,11
300,gene-NCTC11427_00307,ATAAGTAGGTC,308313,308324,+,308328,309018,11
301,gene-NCTC11427_00308,TGGAGGAAAGA,309102,309113,+,309117,310002,11
302,gene-NCTC11427_00309,TTGGAGGAGAT,310004,310015,+,310019,311039,11
303,gene-NCTC11427_00310,TGGTTAAAGGA,311141,311152,+,311156,312035,11
304,gene-NCTC11427_00311,AGGAGCTGTTC,312001,312012,+,312016,312970,11
305,gene-NCTC11427_00312,AGGATTTGAGC,312941,312952,+,312956,313964,11
306,gene-NCTC11427_00313,AAGAAAGGATA,313932,313943,+,313947,314949,11
307,gene-NCTC11427_00314,AGAAAGGATAA,316222,316233,-,315087,316218,11
308,gene-NCTC11427_00315,AAGAGAAAAAT,316616,316627,-,316270,316612,11
309,gene-NCTC11427_00316,TAAGGAATTTA,317916,317927,-,316676,317912,11
310,gene-NCTC11427_00317,AAAGGAAAAAA,318678,318689,-,318056,318674,11
311,gene-NCTC11427_00318,AAAGGAAAATA,319844,319855,-,318670,319840,11
312,gene-NCTC11427_00319,CAAAGGAGCCG,320207,320218,-,319843,320203,11
313,gene-NCTC11427_00320,AAACAGAGGTA,320417,320428,+,320432,320972,11
314,gene-NCTC11427_00321,GAAACGAGGTA,321349,321360,-,320997,321345,11
315,gene-NCTC11427_00322,TACAAGGAGAA,321537,321548,+,321552,324072,11
316,gene-NCTC11427_00323,GGAGAGGATGC,324410,324421,+,324425,325124,11
317,gene-NCTC11427_00324,GGAGGTGGTCA,325105,325116,+,325120,326119,11
318,gene-NCTC11427_00325,CATAAAGGAGT,326114,326125,+,326129,326762,11
319,gene-NCTC11427_00326,CAGGAGGACTT,326747,326758,+,326762,327419,11
320,gene-NCTC11427_00327,AGGAGAAATGA,327494,327505,+,327509,328793,11
321,gene-NCTC11427_00328,ATGTAAAGGAA,331214,331225,-,328840,331210,11
322,gene-NCTC11427_00329,CTAGAAAGGTA,331958,331969,-,331339,331954,11
323,gene-NCTC11427_00330,GGTACAATAGA,332843,332854,-,331957,332839,11
324,gene-NCTC11427_00331,CGTGAGGTGAA,332910,332921,+,332925,333228,11
325,gene-NCTC11427_00332,GATTGAGGACT,333209,333220,+,333224,333773,11
326,gene-NCTC11427_00333,ATACAAGGAAA,333858,333869,+,333873,336210,11
327,gene-NCTC11427_00335,AGATAGGAGAA,336541,336552,+,336556,337879,11
328,gene-NCTC11427_00336,GAAAAGAGGTT,337994,338005,+,338009,338558,11
329,gene-NCTC11427_00337,TTATTGGAGGC,338653,338664,+,338668,339568,11
330,gene-NCTC11427_00338,CATAAAGGAGT,340870,340881,-,339591,340866,11
331,gene-NCTC11427_00340,TAAGGAAGACT,341455,341466,-,341079,341451,11
332,gene-NCTC11427_00341,ACTTGAGGAGT,342822,342833,-,341453,342818,11
333,gene-NCTC11427_00342,AGAAAAGGAGA,343085,343096,+,343100,343886,11
334,gene-NCTC11427_00343,GGGGAGGGAAA,343961,343972,+,343976,344411,11
335,gene-NCTC11427_00344,GGAGGATTTGA,344395,344406,+,344410,345385,11
336,gene-NCTC11427_00345,TAAAGGAGTCC,345427,345438,+,345442,345667,11
337,gene-NCTC11427_00346,AATGATGGAGG,345769,345780,+,345784,346759,11
338,gene-NCTC11427_00347,CAGGAGTTGTA,346736,346747,+,346751,347672,11
339,gene-NCTC11427_00348,AATAGGAGAAA,347702,347713,+,347717,348449,11
340,gene-NCTC11427_00349,ATATAGGTAAG,348462,348473,+,348477,349713,11
341,gene-NCTC11427_00350,GGAGAATAAAT,349700,349711,+,349715,350204,11
342,gene-NCTC11427_00351,ATTGGTACGTA,350185,350196,+,350200,350623,11
343,gene-NCTC11427_00352,CTAAGGAGGTT,350619,350630,+,350634,352002,11
344,gene-NCTC11427_00353,CTAAAAGGGGG,352022,352033,+,352037,352904,11
345,gene-NCTC11427_00354,TGGAGGAAGTC,352885,352896,+,352900,353668,11
346,gene-NCTC11427_00355,ATTAGGAGAGA,353799,353810,+,353814,354516,11
347,gene-NCTC11427_00356,ACGAGGACTTC,354990,355001,-,354563,354986,11
348,gene-NCTC11427_00357,GAAAGAGGTCA,355372,355383,-,354978,355368,11
349,gene-NCTC11427_00358,TAAAGAGGTAA,355954,355965,-,355389,355950,11
350,gene-NCTC11427_00359,TAATTAGGAGG,357163,357174,-,356031,357159,11
351,gene-NCTC11427_00360,ATAGTTAGGAG,358128,358139,-,357167,358124,11
352,gene-NCTC11427_00361,TGGAGGTGATA,359647,359658,-,358197,359643,11
353,gene-NCTC11427_00362,TGGAGGAGATG,361113,361124,-,359642,361109,11
354,gene-NCTC11427_00363,ACGAAAGGATG,361415,361426,-,361108,361411,11
355,gene-NCTC11427_00364,AGTTAGGATAG,361561,361572,+,361576,362269,11
356,gene-NCTC11427_00365,AAAGAAAGAGA,362397,362408,+,362412,363957,11
357,gene-NCTC11427_00366,GTTGAGGGGAT,364534,364545,+,364549,372622,11
358,gene-NCTC11427_00367,AGAAAAGGGGA,372826,372837,+,372841,374068,11
359,gene-NCTC11427_00368,ACTGAAGGAAA,374068,374079,+,374083,375313,11
360,gene-NCTC11427_00369,CTGGATAGGCC,375345,375356,+,375360,376617,11
361,gene-NCTC11427_00370,TTCTAGGAGGT,376611,376622,+,376626,378207,11
362,gene-NCTC11427_00371,TGGAGGAGGTG,378175,378186,+,378190,379720,11
363,gene-NCTC11427_00372,CGGAAGAGGTG,379701,379712,+,379716,380157,11
364,gene-NCTC11427_00373,TTGAGGAGGAT,380134,380145,+,380149,382522,11
365,gene-NCTC11427_00374,TAAAAAGAGGA,382519,382530,+,382534,384055,11
366,gene-NCTC11427_00375,TAGAGGAGGTC,384023,384034,+,384038,385385,11
367,gene-NCTC11427_00376,TAATAGGGGAA,385362,385373,+,385377,385557,11
368,gene-NCTC11427_00377,AATCTTGAGGT,385544,385555,+,385559,385784,11
369,gene-NCTC11427_00378,GTTTAGGAAAT,386778,386789,-,385820,386774,11
370,gene-NCTC11427_00379,TTGAAGGAGAC,388039,388050,-,386823,388035,11
371,gene-NCTC11427_00380,GAAAAGGAGTT,388169,388180,+,388184,388745,11
372,gene-NCTC11427_00381,GGTAAAGGAGA,388787,388798,+,388802,389711,11
373,gene-NCTC11427_00382,AGAAAAGGAGC,389713,389724,+,389728,390256,11
374,gene-NCTC11427_00383,AAAAGGAATTT,390243,390254,+,390258,391365,11
375,gene-NCTC11427_00384,TCTTTTAAAGA,391563,391574,+,391578,391890,11
376,gene-NCTC11427_00385,AAGGAAGACGA,391925,391936,+,391940,392570,11
377,gene-NCTC11427_00386,GGAGGGGCTCT,392554,392565,+,392569,393163,11
378,gene-NCTC11427_00387,TTGAAAGAGGA,393148,393159,+,393163,393517,11
379,gene-NCTC11427_00388,GGCGGACTTGG,393816,393827,+,393831,394578,11
380,gene-NCTC11427_00389,AAGTAGGAGAA,394572,394583,+,394587,395685,11
381,gene-NCTC11427_00390,AAATGAGGTAT,395802,395813,+,395817,396072,11
382,gene-NCTC11427_00391,ATTGAGGAGTG,396060,396071,+,396075,396330,11
383,gene-NCTC11427_00392,TAATGAGGTAA,396518,396529,+,396533,398147,11
384,gene-NCTC11427_00393,ACTAAAGGAGA,398266,398277,+,398281,398908,11
385,gene-NCTC11427_00394,AACAGGTACAA,398917,398928,+,398932,399247,11
386,gene-NCTC11427_00395,GAAGGAGGTGA,399297,399308,+,399312,401709,11
387,gene-NCTC11427_00396,TAAGAAGGAGA,401706,401717,+,401721,402657,11
388,gene-NCTC11427_00397,TAGGAGAACGA,402634,402645,+,402649,403963,11
389,gene-NCTC11427_00398,GAAGGAACTGA,403963,403974,+,403978,404719,11
390,gene-NCTC11427_00399,CGAGGAGGCAG,404700,404711,+,404715,406617,11
391,gene-NCTC11427_00400,AAAAAGGAGGA,406688,406699,+,406703,407462,11
392,gene-NCTC11427_00401,TTTTGATGACA,407448,407459,+,407463,407919,11
393,gene-NCTC11427_00402,AAAACAGAGGT,408022,408033,+,408037,409210,11
394,gene-NCTC11427_00403,CAAGGTTGAAA,409194,409205,+,409209,410484,11
395,gene-NCTC11427_00404,ACTATGAATTA,411604,411615,-,410634,411600,11
396,gene-NCTC11427_00405,TGGAGGAAAGA,413039,413050,-,411580,413035,11
397,gene-NCTC11427_00406,AGGAGATTTTT,413397,413408,+,413412,415299,11
398,gene-NCTC11427_00407,GATAAGAGGTT,415442,415453,+,415457,416345,11
399,gene-NCTC11427_00408,CTATGAGGAGT,417013,417024,-,416391,417009,11
400,gene-NCTC11427_00409,GAATGAGGGGG,417127,417138,+,417142,419776,11
401,gene-NCTC11427_00410,AGAAAGGTTAT,420188,420199,+,420203,420965,11
402,gene-NCTC11427_00411,ATGAAGGAAGA,421095,421106,+,421110,422157,11
403,gene-NCTC11427_00412,TGAAAAGGAGC,422119,422130,+,422134,423349,11
404,gene-NCTC11427_00413,AAAGGAAGTGT,423511,423522,+,423526,424303,11
405,gene-NCTC11427_00414,AAAGTAAGGAG,424369,424380,+,424384,424789,11
406,gene-NCTC11427_00415,TGAAAGGAGAC,424757,424768,+,424772,425138,11
407,gene-NCTC11427_00416,TTTGGAGGACA,425752,425763,+,425767,428017,11
408,gene-NCTC11427_00417,AAAAGGATAAT,428095,428106,+,428110,428977,11
409,gene-NCTC11427_00418,CCAAAGGGGAT,429614,429625,+,429629,431843,11
410,gene-NCTC11427_00419,GAAAAGGAGAA,431843,431854,+,431858,432476,11
411,gene-NCTC11427_00420,CAGGAGGTAAG,432510,432521,+,432525,432726,11
412,gene-NCTC11427_00421,AAAGAAAGAGA,432724,432735,+,432739,433504,11
413,gene-NCTC11427_00422,AAGGTAACTAC,433497,433508,+,433512,434034,11
414,gene-NCTC11427_00423,AAGGGAGTGGA,434036,434047,+,434051,435395,11
415,gene-NCTC11427_00424,GAGTGAGGTGG,435372,435383,+,435387,435774,11
416,gene-NCTC11427_00425,GTGGAGGGCTA,435762,435773,+,435777,436647,11
417,gene-NCTC11427_00426,AAGGAGTTCAC,436745,436756,+,436760,437891,11
418,gene-NCTC11427_00427,AATTGGAGAGT,438014,438025,+,438029,440246,11
419,gene-NCTC11427_00428,ACTAGAAAGGC,440260,440271,+,440275,440719,11
420,gene-NCTC11427_00429,GAGGGAGGTCA,441167,441178,-,440749,441163,11
421,gene-NCTC11427_00430,GACAAGAGGAA,441925,441936,-,441270,441921,11
422,gene-NCTC11427_00431,GAATGGAGTAG,442503,442514,-,442004,442499,11
423,gene-NCTC11427_00432,TTCTGGAGGAA,443553,443564,-,442619,443549,11
424,gene-NCTC11427_00433,CAATGGAGGTG,444428,444439,-,443575,444424,11
425,gene-NCTC11427_00434,GAGGAATACAA,445147,445158,-,444420,445143,11
426,gene-NCTC11427_00435,GAAAGCGAGAA,445307,445318,+,445322,447215,11
427,gene-NCTC11427_00436,GAGATTGGAGC,447887,447898,-,447253,447883,11
428,gene-NCTC11427_00437,GAAAGGACTTC,449182,449193,-,447984,449178,11
429,gene-NCTC11427_00438,GAGAAAGGAGC,450418,450429,-,449340,450414,11
430,gene-NCTC11427_00439,CAGGAGTCATA,451306,451317,-,450525,451302,11
431,gene-NCTC11427_00440,GGAGGTTAAAT,451955,451966,-,451387,451951,11
432,gene-NCTC11427_00441,GCAAAGGAGGA,452263,452274,+,452278,452956,11
433,gene-NCTC11427_00442,GATACGGACTG,452933,452944,+,452948,453923,11
434,gene-NCTC11427_00443,TAAAAGGAGTA,454652,454663,+,454667,455717,11
435,gene-NCTC11427_00444,TTTAAGGAGAA,457817,457828,-,455869,457813,11
436,gene-NCTC11427_00446,TGGAGGACTAT,458977,458988,-,458598,458973,11
437,gene-NCTC11427_00447,GAATGAGGAGA,459153,459164,+,459168,460020,11
438,gene-NCTC11427_00448,AAGAGGAGACA,460168,460179,+,460183,461125,11
439,gene-NCTC11427_00449,TGAAAGGAGAA,461275,461286,+,461290,461728,11
440,gene-NCTC11427_00450,TCAAAGGAGGA,461780,461791,+,461795,462818,11
441,gene-NCTC11427_00451,GCAAGGAGAAA,463891,463902,-,463104,463887,11
442,gene-NCTC11427_00452,CTTTAGGAGGT,464680,464691,-,464016,464676,11
443,gene-NCTC11427_00453,TAAGGAGGACA,465367,465378,-,464685,465363,11
444,gene-NCTC11427_00454,AATAAGGAGGC,466174,466185,-,465375,466170,11
445,gene-NCTC11427_00455,CAAAGGAGATC,466943,466954,-,466180,466939,11
446,gene-NCTC11427_00456,ATCTGGATAGA,467043,467054,+,467058,469335,11
447,gene-NCTC11427_00457,AGGGAGAACAT,469487,469498,+,469502,470150,11
448,gene-NCTC11427_00458,AGTTTCGGAGG,470635,470646,+,470650,472312,11
449,gene-NCTC11427_00459,TAAAAGGAGAC,472365,472376,+,472380,473160,11
450,gene-NCTC11427_00460,GAAAGGTGGGA,473249,473260,+,473264,473966,11
451,gene-NCTC11427_00461,TGCTATAATGG,474052,474063,+,474067,475915,11
452,gene-NCTC11427_00462,CGGAAGGAAAT,475889,475900,+,475904,476759,11
453,gene-NCTC11427_00463,TAAGGAGGTGT,477031,477042,+,477046,477445,11
454,gene-NCTC11427_00464,GATTGAGAGGA,477486,477497,+,477501,477930,11
455,gene-NCTC11427_00465,AGACAAGGAGT,477911,477922,+,477926,478337,11
456,gene-NCTC11427_00466,ATTGGGTGAGA,478323,478334,+,478338,478488,11
457,gene-NCTC11427_00467,TAAGGAGGTGT,478593,478604,+,478608,479001,11
458,gene-NCTC11427_00468,ATATTGGAGCA,478985,478996,+,479000,480218,11
459,gene-NCTC11427_00469,AGGAGAATTTA,480184,480195,+,480199,480592,11
460,gene-NCTC11427_00470,ATTTAAGGAGG,480557,480568,+,480572,480866,11
461,gene-NCTC11427_00471,AAAAGGAAATC,480994,481005,+,481009,481615,11
462,gene-NCTC11427_00472,TAGAAAGAAGA,481612,481623,+,481627,483028,11
463,gene-NCTC11427_00473,TTGGAGGGAAA,483066,483077,+,483081,483672,11
464,gene-NCTC11427_00474,TTTAGGAGAAA,483653,483664,+,483668,483956,11
465,gene-NCTC11427_00475,ATGAAGGAGAT,484125,484136,+,484140,485466,11
466,gene-NCTC11427_00476,AAGGAAAGGAA,486064,486075,-,485502,486060,11
467,gene-NCTC11427_00477,AGGAAAGTAAA,486900,486911,-,486344,486896,11
468,gene-NCTC11427_00478,GGAAGAGGTGA,487017,487028,+,487032,487998,11
469,gene-NCTC11427_00479,CATTGGTAGAC,488056,488067,+,488071,488533,11
470,gene-NCTC11427_00480,AAGAGAGGAAG,488531,488542,+,488546,489263,11
471,gene-NCTC11427_00481,AAGGAGGATTT,489370,489381,+,489385,489811,11
472,gene-NCTC11427_00482,CAAGGAGAATA,489893,489904,+,489908,490598,11
473,gene-NCTC11427_00483,AATAGAGGTGT,491066,491077,+,491081,491840,11
474,gene-NCTC11427_00484,GAAAGAAAGAA,491911,491922,+,491926,492439,11
475,gene-NCTC11427_00485,AGTTAGGAGAA,492605,492616,+,492620,493565,11
476,gene-NCTC11427_00486,TCTATAAGAGG,493558,493569,+,493573,494251,11
477,gene-NCTC11427_00487,AAAGAGGTATG,494332,494343,+,494347,495106,11
478,gene-NCTC11427_00488,AAAGAGGTAAG,495283,495294,+,495298,495817,11
479,gene-NCTC11427_00489,TTATAAGGAGA,496013,496024,+,496028,496367,11
480,gene-NCTC11427_00490,TAAGAAAATCT,496354,496365,+,496369,496993,11
481,gene-NCTC11427_00491,ACAGAAAGAAA,497090,497101,+,497105,498257,11
482,gene-NCTC11427_00492,GATAAAATAGA,498341,498352,+,498356,499106,11
483,gene-NCTC11427_00493,TAAAGGAGATT,499080,499091,+,499095,499869,11
484,gene-NCTC11427_00494,ATGGAGTAAGA,499831,499842,+,499846,500308,11
485,gene-NCTC11427_00495,GAAAGAAGGTA,501437,501448,-,500350,501433,11
486,gene-NCTC11427_00496,AAAGGAGATGA,502347,502358,-,501560,502343,11
487,gene-NCTC11427_00497,TGATATAATAG,503690,503701,-,502342,503686,11
488,gene-NCTC11427_00498,ATAGGAGGACT,505106,505117,-,503785,505102,11
489,gene-NCTC11427_00499,AGAAAGAAGAA,505435,505446,+,505450,507025,11
490,gene-NCTC11427_00500,TATGCGAGGTA,507294,507305,+,507309,508098,11
491,gene-NCTC11427_00501,AAAGAGGGACT,508082,508093,+,508097,508673,11
492,gene-NCTC11427_00502,AGTAAAGTAAT,508738,508749,+,508753,508839,11
493,gene-NCTC11427_00503,ATATGGAGGTG,509216,509227,+,509231,510509,11
494,gene-NCTC11427_00504,TAAGAAGGAGA,510506,510517,+,510521,511169,11
495,gene-NCTC11427_00505,CTAGAAAGGGA,511204,511215,+,511219,512599,11
496,gene-NCTC11427_00506,TGAAACGTTTT,512726,512737,+,512741,513398,11
497,gene-NCTC11427_00507,TAAATTGGAGC,513379,513390,+,513394,514723,11
498,gene-NCTC11427_00508,TAGGAGGCCTG,514847,514858,+,514862,515744,11
499,gene-NCTC11427_00509,TTGTACAATAA,515858,515869,+,515873,516806,11
500,gene-NCTC11427_00510,GATAGGGAGAT,517163,517174,+,517178,518171,11
501,gene-NCTC11427_00511,GAAAGGAGCTC,518157,518168,+,518172,518991,11
502,gene-NCTC11427_00512,TTCAAGGAGGT,518977,518988,+,518992,519778,11
503,gene-NCTC11427_00513,AATGAAGGAAT,520192,520203,+,520207,526696,11
504,gene-NCTC11427_00514,AAAAAGGAGAA,527088,527099,+,527103,528003,11
505,gene-NCTC11427_00515,AATGGAGACAT,528214,528225,+,528229,528541,11
506,gene-NCTC11427_00516,GTTAGGAAATG,530376,530387,-,528572,530372,11
507,gene-NCTC11427_00517,TGGTACAATAA,531330,531341,-,530417,531326,11
508,gene-NCTC11427_00518,CTAAAATCTGT,531413,531424,+,531428,531662,11
509,gene-NCTC11427_00519,TGGAGATAAGA,531643,531654,+,531658,532039,11
510,gene-NCTC11427_00520,AGGAGATTTTA,532110,532121,+,532125,532386,11
511,gene-NCTC11427_00521,ATAAGATAAGC,533156,533167,-,532426,533152,11
512,gene-NCTC11427_00522,ATATTAGAGGA,533295,533306,+,533310,535152,11
513,gene-NCTC11427_00523,TAGAAAGAGAT,535156,535167,+,535171,535426,11
514,gene-NCTC11427_00524,AATGGAGTTTG,535528,535539,+,535543,536896,11
515,gene-NCTC11427_00525,AGTTAAAGGAA,536882,536893,+,536897,537956,11
516,gene-NCTC11427_00526,GCATAAGGAAT,537950,537961,+,537965,539129,11
517,gene-NCTC11427_00528,TAAAAGGAGAA,539342,539353,+,539357,540059,11
518,gene-NCTC11427_00529,CAAAAGGAGAA,540077,540088,+,540092,540725,11
519,gene-NCTC11427_00530,ATAAAGGAGAT,541658,541669,-,540787,541654,11
520,gene-NCTC11427_00531,CATTGGAGGAA,542428,542439,-,541665,542424,11
521,gene-NCTC11427_00532,AAAGGAGGCTC,543106,543117,-,542424,543102,11
522,gene-NCTC11427_00533,ATGGGAGGTTC,543746,543757,-,543061,543742,11
523,gene-NCTC11427_00534,CAAGGAGGACA,543936,543947,+,543951,545088,11
524,gene-NCTC11427_00536,AAAAAGGAGTT,545477,545488,+,545492,546053,11
525,gene-NCTC11427_00537,GGAGGTAAGGC,546038,546049,+,546053,547439,11
526,gene-NCTC11427_00538,GGGAGGTGAAG,547425,547436,+,547440,548091,11
527,gene-NCTC11427_00539,TATAAAGGAGT,548086,548097,+,548101,548794,11
528,gene-NCTC11427_00540,GAGAAGAAATA,548782,548793,+,548797,549322,11
529,gene-NCTC11427_00541,AGAAAGGATAG,549306,549317,+,549321,550125,11
530,gene-NCTC11427_00542,TCAAAGGAGAC,550102,550113,+,550117,550750,11
531,gene-NCTC11427_00543,GTTGGGAGGTT,551593,551604,-,550797,551589,11
532,gene-NCTC11427_00545,TTAGGAGGTGT,551940,551951,+,551955,552351,11
533,gene-NCTC11427_00546,TGTAAAGGAGA,552346,552357,+,552361,552733,11
534,gene-NCTC11427_00547,GAGTAGGAGGA,552727,552738,+,552742,554965,11
535,gene-NCTC11427_00548,AGGAGAGTTAT,555276,555287,+,555291,557067,11
536,gene-NCTC11427_00549,AAAGAGGTTTT,557273,557284,+,557288,557549,11
537,gene-NCTC11427_00550,AATCGAGGTAA,557664,557675,+,557679,559119,11
538,gene-NCTC11427_00551,AGATAGGAGAA,559223,559234,+,559238,560183,11
539,gene-NCTC11427_00552,ATTGGAGTTTC,561569,561580,-,560224,561565,11
540,gene-NCTC11427_00553,TATAAGGAGGA,561908,561919,+,561923,562664,11
541,gene-NCTC11427_00554,AAATAGGAGAA,563152,563163,-,562692,563148,11
542,gene-NCTC11427_00555,AAGAAAGGAAG,563683,563694,-,563157,563679,11
543,gene-NCTC11427_00556,TATGAGCAACA,564917,564928,-,563692,564913,11
544,gene-NCTC11427_00557,AGATGGAGAAT,565781,565792,-,564931,565777,11
545,gene-NCTC11427_00558,TAGAAAGAAAT,565886,565897,+,565901,566459,11
546,gene-NCTC11427_00559,ATAAGGAGAAG,566462,566473,+,566477,566945,11
547,gene-NCTC11427_00560,GAAGGAATTCA,567018,567029,+,567033,567663,11
548,gene-NCTC11427_00561,TAAAAGGAGAA,567821,567832,+,567836,568427,11
549,gene-NCTC11427_00562,GAAAGAGGATT,568490,568501,+,568505,568775,11
550,gene-NCTC11427_00563,ATAAGGAGATT,568848,568859,+,568863,570024,11
551,gene-NCTC11427_00564,AAAAGAGTGAA,570128,570139,+,570143,571013,11
552,gene-NCTC11427_00565,GAGAAGGTGTA,571001,571012,+,571016,571973,11
553,gene-NCTC11427_00566,GGAGGGACAAA,571957,571968,+,571972,572737,11
554,gene-NCTC11427_00567,AGGAGGTGAAG,572721,572732,+,572736,573447,11
555,gene-NCTC11427_00568,AGAAGGAGAAG,573844,573855,+,573859,574516,11
556,gene-NCTC11427_00569,ATCTTGGAAAA,574729,574740,+,574744,575722,11
557,gene-NCTC11427_00570,TAGAAAGGAAC,575724,575735,+,575739,576432,11
558,gene-NCTC11427_00571,GAGAATATGGA,576409,576420,+,576424,577351,11
559,gene-NCTC11427_00572,ATAAAGGAGAT,577554,577565,+,577569,579756,11
560,gene-NCTC11427_00573,TTTTAGGAGAA,579792,579803,+,579807,580623,11
561,gene-NCTC11427_00574,AGAATCGAGGA,580739,580750,+,580754,582098,11
562,gene-NCTC11427_00575,GAAAAGGGGAC,582325,582336,+,582340,583720,11
563,gene-NCTC11427_00576,GGGGGGGACAT,584045,584056,+,584060,585257,11
564,gene-NCTC11427_00577,ATCGGAGGAAC,585622,585633,-,585318,585618,11
565,gene-NCTC11427_00578,AATGAGGACAG,586133,586144,-,585676,586129,11
566,gene-NCTC11427_00579,AAGAGAGGTGA,586290,586301,+,586305,587208,11
567,gene-NCTC11427_00580,AAGGAGAAGAA,587247,587258,+,587262,587877,11
568,gene-NCTC11427_00581,AAATGAGGTAG,590182,590193,-,587919,590178,11
569,gene-NCTC11427_00582,TGGAGGAGAAT,590652,590663,-,590417,590648,11
570,gene-NCTC11427_00583,GAAAGTTGATT,590824,590835,+,590839,591523,11
571,gene-NCTC11427_00584,AGGAGACAAGA,591507,591518,+,591522,592257,11
572,gene-NCTC11427_00585,AATGGAGTAGG,592275,592286,+,592290,592611,11
573,gene-NCTC11427_00586,GAAAAGAGAAG,592744,592755,+,592759,593617,11
574,gene-NCTC11427_00587,ACAAGGACTAG,593606,593617,+,593621,594395,11
575,gene-NCTC11427_00588,AGAGAGGAAAA,594436,594447,+,594451,595303,11
576,gene-NCTC11427_00589,ATATAATTTTT,595487,595498,+,595502,597992,11
577,gene-NCTC11427_00590,GAAAAGGTAAA,597982,597993,+,597997,599221,11
578,gene-NCTC11427_00591,AATAAGGAGGC,599216,599227,+,599231,599786,11
579,gene-NCTC11427_00592,AACTGGGGGAG,600144,600155,+,600159,601023,11
580,gene-NCTC11427_00593,GAAGGAGGCTT,601097,601108,+,601112,605837,11
581,gene-NCTC11427_00594,TAAAAAAATGG,606273,606284,+,606288,606861,11
582,gene-NCTC11427_00595,AAGAAAAGGGA,606859,606870,+,606874,608821,11
583,gene-NCTC11427_00596,TAAAAGGAGTT,608886,608897,+,608901,610629,11
584,gene-NCTC11427_00597,AAAACGAGAAG,610766,610777,+,610781,612122,11
585,gene-NCTC11427_00598,TAGAAAGGAAA,612188,612199,+,612203,613046,11
586,gene-NCTC11427_00599,AAAAGGAGATT,613320,613331,+,613335,617847,11
587,gene-NCTC11427_00601,GTAGAAAGGAG,618149,618160,+,618164,618536,11
588,gene-NCTC11427_00602,ATTAAGGAGTA,618732,618743,+,618747,619665,11
589,gene-NCTC11427_00603,TGTAAAGGAAA,619909,619920,+,619924,621961,11
590,gene-NCTC11427_00604,CACAAAGGAGA,621987,621998,+,622002,622260,11
591,gene-NCTC11427_00605,TAGGAGACCGA,623592,623603,-,622343,623588,11
592,gene-NCTC11427_00606,GAGAAAGGAAA,624215,624226,-,623605,624211,11
593,gene-NCTC11427_00607,ACGACCTTATA,625196,625207,-,624229,625192,11
594,gene-NCTC11427_00608,GGTAGGAATTT,625451,625462,+,625466,626846,11
595,gene-NCTC11427_00609,GATGAGGATTA,627088,627099,+,627103,627979,11
596,gene-NCTC11427_00610,GAGCGAGGAAA,627964,627975,+,627979,628561,11
597,gene-NCTC11427_00611,AGAGGAGGAAA,629232,629243,-,628580,629228,11
598,gene-NCTC11427_00612,AAAAAGGAGTT,629675,629686,-,629224,629671,11
599,gene-NCTC11427_00613,AAATGAGGGGA,629790,629801,+,629805,630300,11
600,gene-NCTC11427_00614,TCAGAAATTAA,630281,630292,+,630296,630812,11
601,gene-NCTC11427_00615,TAGAAAGAAAA,630809,630820,+,630824,631181,11
602,gene-NCTC11427_00616,GGAGAGGATGT,631322,631333,+,631337,632138,11
603,gene-NCTC11427_00617,AGGAGACCTTC,632122,632133,+,632137,632881,11
604,gene-NCTC11427_00618,GAAACGAGAGA,632943,632954,+,632958,633183,11
605,gene-NCTC11427_00619,AAAGAAGGAAT,633233,633244,+,633248,634160,11
606,gene-NCTC11427_00620,TGTTATAATAG,634929,634940,-,634196,634925,11
607,gene-NCTC11427_00621,ATGAAAGGAGA,635585,635596,-,634969,635581,11
608,gene-NCTC11427_00622,CAAGGGGGAAT,635721,635732,+,635736,637056,11
609,gene-NCTC11427_00623,CCTAAAGGAGA,637064,637075,+,637079,637907,11
610,gene-NCTC11427_00624,AGAAAGAGGGA,637893,637904,+,637908,638544,11
611,gene-NCTC11427_00625,TAGTTCTAACA,638587,638598,+,638602,638947,11
612,gene-NCTC11427_00626,ATTCTAGTGTG,639005,639016,+,639020,639110,11
613,gene-NCTC11427_00627,ATAATGAGGTG,639173,639184,+,639188,640148,11
614,gene-NCTC11427_00628,TATTTGAGTAA,640410,640421,-,640316,640406,11
615,gene-NCTC11427_00629,ACAGGAGGTGA,640551,640562,+,640566,641307,11
616,gene-NCTC11427_00630,GGAGGTAATAG,641288,641299,+,641303,642215,11
617,gene-NCTC11427_00631,TGAGGTAGAAA,642196,642207,+,642211,644164,11
618,gene-NCTC11427_00632,TGGTATAATAA,644235,644246,+,644250,646557,11
619,gene-NCTC11427_00633,TTAAAGGAGAG,647031,647042,-,646601,647027,11
620,gene-NCTC11427_00634,AAAGCGTGAGA,647149,647160,+,647164,648307,11
621,gene-NCTC11427_00635,AAGATAGGAGC,648300,648311,+,648315,649530,11
622,gene-NCTC11427_00636,GAGAGTTTTCT,649651,649662,+,649666,650491,11
623,gene-NCTC11427_00637,GAAAGGAGAAA,650496,650507,+,650511,651252,11
624,gene-NCTC11427_00638,TAAAAGGAGTT,651249,651260,+,651264,652431,11
625,gene-NCTC11427_00639,AGGAGAATCTA,652573,652584,+,652588,653458,11
626,gene-NCTC11427_00640,GAGTTGGAGGA,653553,653564,+,653568,654294,11
627,gene-NCTC11427_00641,GTGGTTTGAAG,654275,654286,+,654290,655226,11
628,gene-NCTC11427_00642,GGAGTAGGAAG,655219,655230,+,655234,656140,11
629,gene-NCTC11427_00643,AAAAGTGAGGT,657472,657483,-,656184,657468,11
630,gene-NCTC11427_00644,GAGAAGGAAAC,658657,658668,-,657939,658653,11
631,gene-NCTC11427_00645,GAAAGGAATAA,658731,658742,+,658746,659307,11
632,gene-NCTC11427_00646,GTTTAGGTGAC,659293,659304,+,659308,660208,11
633,gene-NCTC11427_00647,GTAGAGCTTTT,661816,661827,-,660252,661812,11
634,gene-NCTC11427_00648,AAGGAGGATGC,662485,662496,-,662151,662481,11
635,gene-NCTC11427_00649,CTTTATGGAGG,662633,662644,+,662648,663191,11
636,gene-NCTC11427_00650,GATGGAGACGA,663176,663187,+,663191,663821,11
637,gene-NCTC11427_00652,TTTTGGAGGTT,664017,664028,+,664032,664554,11
638,gene-NCTC11427_00653,GCTGAAGGAGT,664557,664568,+,664572,665511,11
639,gene-NCTC11427_00654,ACGAGAGGTGA,665530,665541,+,665545,666625,11
640,gene-NCTC11427_00655,CTTAATATCTT,667058,667069,+,667073,670250,11
641,gene-NCTC11427_00656,AAGAGGTAAGT,670779,670790,+,670794,672129,11
642,gene-NCTC11427_00657,AGGAAATATTG,672493,672504,-,672246,672489,11
643,gene-NCTC11427_00658,AAAGGAGACTT,673526,673537,-,672652,673522,11
644,gene-NCTC11427_00659,GAATTGAGGTT,674578,674589,-,673629,674574,11
645,gene-NCTC11427_00660,ATTGAGGAGGA,674662,674673,+,674677,675121,11
646,gene-NCTC11427_00661,AAAGGAGGAGA,675223,675234,+,675238,675505,11
647,gene-NCTC11427_00662,GGATCAAAACA,675486,675497,+,675501,675876,11
648,gene-NCTC11427_00663,TCTAGGGAGGA,675854,675865,+,675869,676199,11
649,gene-NCTC11427_00664,AGATAGGAGAA,676302,676313,+,676317,676665,11
650,gene-NCTC11427_00665,CAGGGTTTTTC,676692,676703,+,676707,676779,11
651,gene-NCTC11427_00666,ATTGAGGTAAA,677469,677480,-,677285,677465,11
652,gene-NCTC11427_00667,AAAGAAGGAAA,677857,677868,+,677872,678106,11
653,gene-NCTC11427_00668,AGTAGGAGAAG,678111,678122,+,678126,678681,11
654,gene-NCTC11427_00669,ACTAGGAGAAT,678735,678746,+,678750,679173,11
655,gene-NCTC11427_00670,GTAAGGAATGT,679169,679180,+,679184,679607,11
656,gene-NCTC11427_00671,AGAAAGGGAGT,679701,679712,+,679716,680280,11
657,gene-NCTC11427_00672,AGAAAGTTGAT,680319,680330,+,680334,681207,11
658,gene-NCTC11427_00673,AATAGCGAACT,681280,681291,+,681295,681457,11
659,gene-NCTC11427_00674,CAATGGAGTAA,681442,681453,+,681457,682345,11
660,gene-NCTC11427_00675,AAGGGAGCGGA,682347,682358,+,682362,682689,11
661,gene-NCTC11427_00676,ATAAAAGGAAA,682737,682748,+,682752,683247,11
662,gene-NCTC11427_00677,AGATCAGGAGA,683264,683275,+,683279,683756,11
663,gene-NCTC11427_00678,GAATAGAGGAA,684667,684678,-,683856,684663,11
664,gene-NCTC11427_00679,TGCTATAATGG,685984,685995,-,684672,685980,11
665,gene-NCTC11427_00680,GAAAGAGGATT,686036,686047,+,686051,686429,11
666,gene-NCTC11427_00681,ATTTGAGGCAG,687540,687551,-,686453,687536,11
667,gene-NCTC11427_00682,GGAAAAGGAGT,688514,688525,-,687532,688510,11
668,gene-NCTC11427_00683,GAAAAGGGGGA,688650,688661,+,688665,689346,11
669,gene-NCTC11427_00684,CATAGGAGGTG,689522,689533,+,689537,689852,11
670,gene-NCTC11427_00685,TTTTAAGGAGA,689852,689863,+,689867,690212,11
671,gene-NCTC11427_00686,ACGGAGGAAAA,690213,690224,+,690228,690522,11
672,gene-NCTC11427_00687,AGTTGGGGGTA,690739,690750,+,690754,691663,11
673,gene-NCTC11427_00688,TCAAAAGAGGA,691644,691655,+,691659,692127,11
674,gene-NCTC11427_00689,TTAAAGAGGAA,692095,692106,+,692110,693010,11
675,gene-NCTC11427_00690,AATCGGAGTGA,693096,693107,+,693111,694221,11
676,gene-NCTC11427_00691,TTTTAGAGGTG,694215,694226,+,694230,695493,11
677,gene-NCTC11427_00692,ATAAGGGAGTA,695481,695492,+,695496,696294,11
678,gene-NCTC11427_00693,AGAAATGAGTT,696399,696410,+,696414,697053,11
679,gene-NCTC11427_00694,AATGGGCTTGG,697034,697045,+,697049,697940,11
680,gene-NCTC11427_00695,GGAAAGGGCTG,697961,697972,+,697976,698294,11
681,gene-NCTC11427_00696,GTACAGGGAGT,698281,698292,+,698296,699175,11
682,gene-NCTC11427_00697,AGAGGTATTAG,699293,699304,+,699308,700643,11
683,gene-NCTC11427_00698,AAAAGGAGAGT,700711,700722,+,700726,701464,11
684,gene-NCTC11427_00699,GGAATAGGAAA,701457,701468,+,701472,702030,11
685,gene-NCTC11427_00700,TCGAAAGAAGG,702074,702085,+,702089,702944,11
686,gene-NCTC11427_00701,TTAGGCCTTAT,702940,702951,+,702955,703561,11
687,gene-NCTC11427_00702,TGATAGGAGAA,703542,703553,+,703557,703773,11
688,gene-NCTC11427_00703,AGAGAGGTTCT,703838,703849,+,703853,704840,11
689,gene-NCTC11427_00704,AGGTAGGTTAT,706007,706018,-,704890,706003,11
690,gene-NCTC11427_00705,AATGGAGGGAA,706164,706175,+,706179,706749,11
691,gene-NCTC11427_00706,AAGAGAGGAGA,706800,706811,+,706815,707466,11
692,gene-NCTC11427_00707,AAAAGCTAAAA,707434,707445,+,707449,709690,11
693,gene-NCTC11427_00709,AAAGGAGAAAA,710457,710468,+,710472,710673,11
694,gene-NCTC11427_00710,TGGAGGAAATA,710709,710720,+,710724,711084,11
695,gene-NCTC11427_00711,TGGAGTTAGAA,711242,711253,+,711257,712922,11
696,gene-NCTC11427_00712,AAAAGAGGAGA,712920,712931,+,712935,715707,11
697,gene-NCTC11427_00713,AAAGAGGTAAT,715789,715800,+,715804,716185,11
698,gene-NCTC11427_00714,TAAGGAGGAAA,716416,716427,+,716431,717232,11
699,gene-NCTC11427_00715,TATAAGGAGAA,717227,717238,+,717242,718181,11
700,gene-NCTC11427_00716,TATTGGAGCAT,718276,718287,+,718291,720544,11
701,gene-NCTC11427_00717,AAAGAGGAGAC,720696,720707,+,720711,721755,11
702,gene-NCTC11427_00718,TTGAAGGAGAA,721831,721842,+,721846,722083,11
703,gene-NCTC11427_00719,ATTGGGTAGAA,722060,722071,+,722075,722774,11
704,gene-NCTC11427_00720,AGTAGGAGGAG,722769,722780,+,722784,723285,11
705,gene-NCTC11427_00721,ATTGGAAGGTG,723247,723258,+,723262,724111,11
706,gene-NCTC11427_00722,ACAAAGGAGCA,724092,724103,+,724107,724548,11
707,gene-NCTC11427_00723,GAATAGGAGAA,724654,724665,+,724669,727216,11
708,gene-NCTC11427_00724,AAGGAGGAGTT,727310,727321,+,727325,728000,11
709,gene-NCTC11427_00725,GGTATATTTTA,727974,727985,+,727989,729327,11
710,gene-NCTC11427_00726,GTTAAGGAGAG,729680,729691,-,729391,729676,11
711,gene-NCTC11427_00727,TAAAAGGAGAT,730047,730058,+,730062,731118,11
712,gene-NCTC11427_00728,GATAAGGAGAA,731116,731127,+,731131,731812,11
713,gene-NCTC11427_00729,GGTATAATTTT,731922,731933,+,731937,732867,11
714,gene-NCTC11427_00730,AATGGAGGTGT,732957,732968,+,732972,733656,11
715,gene-NCTC11427_00731,ATAAGGAGATA,733664,733675,+,733679,734891,11
716,gene-NCTC11427_00732,ATAAATTGGTA,734877,734888,+,734892,735453,11
717,gene-NCTC11427_00733,TAAAGGAGACA,735434,735445,+,735449,736259,11
718,gene-NCTC11427_00734,CTGAATTGTAA,736248,736259,+,736263,736974,11
719,gene-NCTC11427_00735,TTGGTATCTTA,737432,737443,+,737447,738158,11
720,gene-NCTC11427_00736,TACAAGGAGAA,738298,738309,+,738313,739045,11
721,gene-NCTC11427_00737,CACAAGGAGAG,740904,740915,-,739244,740900,11
722,gene-NCTC11427_00738,AGAATCGAGAA,740989,741000,+,741004,741502,11
723,gene-NCTC11427_00739,AAATTTTGACA,741467,741478,+,741482,741878,11
724,gene-NCTC11427_00740,CACTAAGAGGA,741879,741890,+,741894,742794,11
725,gene-NCTC11427_00741,ACAGAAGGAGG,742827,742838,+,742842,743667,11
726,gene-NCTC11427_00742,TCAAAGGAGGG,743651,743662,+,743666,744272,11
727,gene-NCTC11427_00743,AAGGAGGCGAT,744243,744254,+,744258,745458,11
728,gene-NCTC11427_00744,TTTAAGGAGTT,745631,745642,+,745646,745880,11
729,gene-NCTC11427_00745,ATCTAGAAAGA,745958,745969,+,745973,748328,11
730,gene-NCTC11427_00746,AGAAAGGAGCC,748275,748286,+,748290,748758,11
731,gene-NCTC11427_00747,AGAAGAGGAAG,748757,748768,+,748772,749633,11
732,gene-NCTC11427_00748,GATGGAGGTGG,749795,749806,+,749810,750959,11
733,gene-NCTC11427_00749,AAAAGGAGGTA,751020,751031,+,751035,751992,11
734,gene-NCTC11427_00750,GGATGGAGGAA,751995,752006,+,752010,753813,11
735,gene-NCTC11427_00751,TGGGACTAGCT,753799,753810,+,753814,754528,11
736,gene-NCTC11427_00752,GTAAAAGGAGT,754580,754591,+,754595,755537,11
737,gene-NCTC11427_00753,TTAGAGTGGTG,755709,755720,+,755724,756948,11
738,gene-NCTC11427_00754,TGGAAAGGAAA,756956,756967,+,756971,759668,11
739,gene-NCTC11427_00756,TAAGGAGAAAG,760083,760094,+,760098,761094,11
740,gene-NCTC11427_00757,AATGAGTGAAA,761144,761155,+,761159,762026,11
741,gene-NCTC11427_00758,AGTCAAGTTTA,762007,762018,+,762022,762781,11
742,gene-NCTC11427_00759,ATGGAGGTATT,762962,762973,+,762977,764738,11
743,gene-NCTC11427_00760,AAGAATGGAGT,764725,764736,+,764740,765850,11
744,gene-NCTC11427_00761,AGAGTGAGGAA,765849,765860,+,765864,766194,11
745,gene-NCTC11427_00762,GGTATAATGAG,766291,766302,+,766306,767350,11
746,gene-NCTC11427_00763,AAAGTGAGGTA,767343,767354,+,767358,768684,11
747,gene-NCTC11427_00764,TAAGAGGAAGA,768689,768700,+,768704,768893,11
748,gene-NCTC11427_00765,GAAAAAGGAGA,768907,768918,+,768922,769057,11
749,gene-NCTC11427_00766,AAGTGAGAAGA,769113,769124,+,769128,770439,11
750,gene-NCTC11427_00767,GACTAGGAGAT,770433,770444,+,770448,770613,11
751,gene-NCTC11427_00768,AGGAGTACTTA,771123,771134,-,770648,771119,11
752,gene-NCTC11427_00769,TCAAAGGAGAG,773926,773937,-,771639,773922,11
753,gene-NCTC11427_00770,CAAGGAGGAGA,774320,774331,+,774335,777437,11
754,gene-NCTC11427_00771,AAGGAGCATAA,777502,777513,+,777517,778525,11
755,gene-NCTC11427_00772,GGAGTCACAAA,778576,778587,+,778591,780097,11
756,gene-NCTC11427_00773,TTGAAAGAGTA,780241,780252,+,780256,781516,11
757,gene-NCTC11427_00774,GCCGTTGAGGT,781516,781527,+,781531,782083,11
758,gene-NCTC11427_00775,TAAAAGGAGAA,782060,782071,+,782075,783353,11
759,gene-NCTC11427_00776,AATCTAGGAGA,783353,783364,+,783368,784229,11
760,gene-NCTC11427_00777,AAAGTAGGTAA,784339,784350,+,784354,785062,11
761,gene-NCTC11427_00778,TAAAAGGAGAA,785059,785070,+,785074,785620,11
762,gene-NCTC11427_00779,ATAATTTTATC,786871,786882,-,785649,786867,11
763,gene-NCTC11427_00780,AGAAGGAGGAT,786980,786991,+,786995,788105,11
764,gene-NCTC11427_00781,GAGGCTTTTAC,788325,788336,+,788340,789537,11
765,gene-NCTC11427_00782,GGTATAATAAA,789666,789677,+,789681,790014,11
766,gene-NCTC11427_00783,GTAAGAGGAAG,790010,790021,+,790025,791597,11
767,gene-NCTC11427_00784,TGAGAAAGGAA,793236,793247,-,791669,793232,11
768,gene-NCTC11427_00785,AAAGAAGTGAG,793357,793368,+,793372,794071,11
769,gene-NCTC11427_00786,CAAATAGGAGA,794193,794204,+,794208,795495,11
770,gene-NCTC11427_00787,GAGAAGGAAAA,795494,795505,+,795509,795821,11
771,gene-NCTC11427_00788,AAAGGAGAATT,796036,796047,+,796051,796252,11
772,gene-NCTC11427_00789,AAGGGAGGATT,796271,796282,+,796286,797003,11
773,gene-NCTC11427_00790,AGAAAGGAGTA,797001,797012,+,797016,797511,11
774,gene-NCTC11427_00791,GCTAGGAGAAG,797495,797506,+,797510,798047,11
775,gene-NCTC11427_00792,GAAAGTGGTGT,798046,798057,+,798061,799567,11
776,gene-NCTC11427_00793,GAATAGAGGTG,799567,799578,+,799582,800461,11
777,gene-NCTC11427_00794,GAATAGGAGAA,800531,800542,+,800546,801953,11
778,gene-NCTC11427_00795,TTTAAGAGGTG,801948,801959,+,801963,802383,11
779,gene-NCTC11427_00796,TTAAGAGGTAT,803435,803446,-,802417,803431,11
780,gene-NCTC11427_00797,AGAAAGGATGT,803560,803571,+,803575,804742,11
781,gene-NCTC11427_00798,GGGAGGAAATC,804716,804727,+,804731,805961,11
782,gene-NCTC11427_00799,AAGGAGGCAAA,806237,806248,+,806252,808052,11
783,gene-NCTC11427_00800,TTTAGGAGGTG,808425,808436,+,808440,809082,11
784,gene-NCTC11427_00801,GATAGGAGGAT,809077,809088,+,809092,809722,11
785,gene-NCTC11427_00802,GACTAGGAGGT,809722,809733,+,809737,810577,11
786,gene-NCTC11427_00803,AATTAGGAGGA,812146,812157,-,810651,812142,11
787,gene-NCTC11427_00804,GGAGGAAAACA,812908,812919,-,812280,812904,11
788,gene-NCTC11427_00805,GGATAAGTATA,813390,813401,-,812903,813386,11
789,gene-NCTC11427_00806,GAAATTGAGGA,814235,814246,-,813385,814231,11
790,gene-NCTC11427_00807,TTAAACTATTT,815139,815150,-,814334,815135,11
791,gene-NCTC11427_00808,AGAAAAGAGAA,815275,815286,+,815290,816670,11
792,gene-NCTC11427_00809,CAGTAGGAGTC,816664,816675,+,816679,817225,11
793,gene-NCTC11427_00810,ATAGAGGAGCA,817221,817232,+,817236,817548,11
794,gene-NCTC11427_00811,TTGAAAGGACT,817548,817559,+,817563,818256,11
795,gene-NCTC11427_00812,GTTTTAGAGGA,818317,818328,+,818332,818827,11
796,gene-NCTC11427_00813,AAATTGAGGTA,818893,818904,+,818908,819502,11
797,gene-NCTC11427_00814,AGACTAGGAGT,819495,819506,+,819510,821274,11
798,gene-NCTC11427_00815,AAACTGTAAAC,821619,821630,-,821315,821615,11
799,gene-NCTC11427_00816,TAAAGGAGAAT,822039,822050,+,822054,822762,11
800,gene-NCTC11427_00817,AGAAAGACTAA,822751,822762,+,822766,823789,11
801,gene-NCTC11427_00818,AGATGGAGGTT,823790,823801,+,823805,824663,11
802,gene-NCTC11427_00819,ATTATGGAGGT,824649,824660,+,824664,825543,11
803,gene-NCTC11427_00820,ATAAAGGAGAT,825539,825550,+,825554,826244,11
804,gene-NCTC11427_00821,AGAAGGGAAAA,826419,826430,+,826434,826911,11
805,gene-NCTC11427_00822,TCGGAGGAAAT,826933,826944,+,826948,827254,11
806,gene-NCTC11427_00823,ACGGGAGGAAC,827293,827304,+,827308,828784,11
807,gene-NCTC11427_00824,TAGTTGGAGAA,828876,828887,+,828891,829788,11
808,gene-NCTC11427_00825,AAAGGAGTATA,830059,830070,+,830074,830500,11
809,gene-NCTC11427_00826,AAAGGTAAGTT,830515,830526,+,830530,831046,11
810,gene-NCTC11427_00827,ACTAAGAGGTG,831041,831052,+,831056,831986,11
811,gene-NCTC11427_00828,TAAAAGAGGTA,831972,831983,+,831987,832968,11
812,gene-NCTC11427_00829,TAAAAGGAGGT,833189,833200,+,833204,834041,11
813,gene-NCTC11427_00830,AAGGAGAATTC,834061,834072,+,834076,834394,11
814,gene-NCTC11427_00831,GAGAGGAGTTA,834378,834389,+,834393,836088,11
815,gene-NCTC11427_00832,TGAAAGGTGAA,836157,836168,+,836172,837579,11
816,gene-NCTC11427_00833,ATCGAGGTGAT,838391,838402,-,837619,838387,11
817,gene-NCTC11427_00834,AGAAAGAGATT,839491,839502,-,838524,839487,11
818,gene-NCTC11427_00835,GATAAAGGAAA,841845,841856,-,839681,841841,11
819,gene-NCTC11427_00836,AGAGGAGTTAC,842144,842155,-,841921,842140,11
820,gene-NCTC11427_00837,AAGGAGAGTCA,842487,842498,+,842502,842766,11
821,gene-NCTC11427_00838,AGGAAAATGAC,842765,842776,+,842780,844505,11
822,gene-NCTC11427_00839,AGAAAGTGAGT,844743,844754,+,844758,847296,11
823,gene-NCTC11427_00840,AGTTAAGGAGT,847476,847487,+,847491,848409,11
824,gene-NCTC11427_00841,GAGGAGATGAT,848407,848418,+,848422,851470,11
825,gene-NCTC11427_00842,GTTAAAGGAGT,852734,852745,-,851506,852730,11
826,gene-NCTC11427_00843,GTTAAGGAGAA,853073,853084,+,853088,855680,11
827,gene-NCTC11427_00844,ACATAGGAGAA,855664,855675,+,855679,856231,11
828,gene-NCTC11427_00845,ATAAAAGGAAT,856260,856271,+,856275,857496,11
829,gene-NCTC11427_00846,CAACTGGTTTG,857497,857508,+,857512,858514,11
830,gene-NCTC11427_00847,GAGAAAGAAGG,858574,858585,+,858589,859462,11
831,gene-NCTC11427_00848,CATAAGGATGA,859524,859535,+,859539,860634,11
832,gene-NCTC11427_00849,TTAGGAAAGGA,861066,861077,-,860675,861062,11
833,gene-NCTC11427_00850,TGCTATACTAA,861577,861588,-,861135,861573,11
834,gene-NCTC11427_00852,ATACTTTTTAG,862298,862309,+,862313,862386,11
835,gene-NCTC11427_00854,CGAAAGAGGTT,862760,862771,+,862775,863852,11
836,gene-NCTC11427_00855,AGAGAGGTGTT,863893,863904,+,863908,864844,11
837,gene-NCTC11427_00856,ACAAAAGGAAA,866268,866279,-,864890,866264,11
838,gene-NCTC11427_00857,GTGGAGGAAGC,866585,866596,-,866398,866581,11
839,gene-NCTC11427_00858,ACGTGAAATAA,866688,866699,+,866703,867294,11
840,gene-NCTC11427_00859,GGAGAATGAAG,867275,867286,+,867290,868370,11
841,gene-NCTC11427_00860,AGAATTAAACA,868354,868365,+,868369,869206,11
842,gene-NCTC11427_00861,GGATGGTTGTA,869174,869185,+,869189,869792,11
843,gene-NCTC11427_00862,TTGAGGAGGAA,869778,869789,+,869793,870225,11
844,gene-NCTC11427_00863,TAAAGGAGAAG,870259,870270,+,870274,871531,11
845,gene-NCTC11427_00864,AGGACTAATAC,871523,871534,+,871538,872513,11
846,gene-NCTC11427_00865,TATTCAAAGTA,872497,872508,+,872512,873115,11
847,gene-NCTC11427_00866,AGGAGGGAATA,873186,873197,+,873201,874176,11
848,gene-NCTC11427_00867,TAGAAAGTGAA,874233,874244,+,874248,875604,11
849,gene-NCTC11427_00868,AATAAGGAAGA,875736,875747,+,875751,876501,11
850,gene-NCTC11427_00869,AAAGGAAGTAT,876502,876513,+,876517,876928,11
851,gene-NCTC11427_00870,TTGGGAGAATG,877025,877036,+,877040,877202,11
852,gene-NCTC11427_00871,AGGTTTAGAGT,877207,877218,+,877222,877714,11
853,gene-NCTC11427_00872,AAGGAGAATAA,878528,878539,+,878543,878837,11
854,gene-NCTC11427_00873,GTGGAAAAGGG,878887,878898,+,878902,882361,11
855,gene-NCTC11427_00874,TGGGGGAGGAG,882444,882455,+,882459,882945,11
856,gene-NCTC11427_00875,GAAGGAGAGTG,882929,882940,+,882944,883193,11
857,gene-NCTC11427_00876,TGTAGGGAGAA,883174,883185,+,883189,884380,11
858,gene-NCTC11427_00877,CAAAGGAGACT,884354,884365,+,884369,888818,11
859,gene-NCTC11427_00878,TGGAGAAGTTT,888909,888920,+,888924,889326,11
860,gene-NCTC11427_00879,GGGAGGAGGAC,889312,889323,+,889327,889621,11
861,gene-NCTC11427_00880,TGGGATTCGAT,889602,889613,+,889617,890274,11
862,gene-NCTC11427_00881,AGGAGGAGTTA,890242,890253,+,890257,891817,11
863,gene-NCTC11427_00882,TGGTAGGAGTA,891811,891822,+,891826,892483,11
864,gene-NCTC11427_00883,ATTTGGAGGAA,892562,892573,+,892577,893234,11
865,gene-NCTC11427_00884,GTTTTGGTGGT,893270,893281,+,893285,893933,11
866,gene-NCTC11427_00885,TACGAAGGAGT,894173,894184,+,894188,894488,11
867,gene-NCTC11427_00886,TGGAGAAGTTT,894695,894706,+,894710,895007,11
868,gene-NCTC11427_00887,GAGGCCTTAAC,894993,895004,+,895008,895758,11
869,gene-NCTC11427_00888,CTTGTTGGTCT,895795,895806,+,895810,896158,11
870,gene-NCTC11427_00889,AGGAGTTTTTG,896142,896153,+,896157,896838,11
871,gene-NCTC11427_00890,CACAGGAGGCA,896824,896835,+,896839,897133,11
872,gene-NCTC11427_00891,AAAAGAGGTAT,897343,897354,+,897358,897787,11
873,gene-NCTC11427_00892,TAGGGAGTAGG,897784,897795,+,897799,898093,11
874,gene-NCTC11427_00893,TGTGAGGTTTA,898077,898088,+,898092,898797,11
875,gene-NCTC11427_00894,CACGGAGGAAG,898781,898792,+,898796,900911,11
876,gene-NCTC11427_00895,AGGGAGAAAAG,900928,900939,+,900943,901210,11
877,gene-NCTC11427_00896,AGGAATTGAAA,901178,901189,+,901193,901850,11
878,gene-NCTC11427_00897,GGATTTGATGA,901867,901878,+,901882,902128,11
879,gene-NCTC11427_00898,CACGGAGGAAG,902112,902123,+,902127,904086,11
880,gene-NCTC11427_00899,AAGAAAGGACT,904091,904102,+,904106,904670,11
881,gene-NCTC11427_00900,TGATATTTTAC,904671,904682,+,904686,905895,11
882,gene-NCTC11427_00901,AAAGGATTTAA,905902,905913,+,905917,906295,11
883,gene-NCTC11427_00902,GGTTCAGCTGG,906461,906472,+,906476,907550,11
884,gene-NCTC11427_00903,AAGGAGATGGG,907548,907559,+,907563,908106,11
885,gene-NCTC11427_00904,TGGAGAAGTAT,908077,908088,+,908092,908428,11
886,gene-NCTC11427_00905,ATCGGAGCTGT,908716,908727,+,908731,909991,11
887,gene-NCTC11427_00906,GGAAAAAATTA,910085,910096,+,910100,910595,11
888,gene-NCTC11427_00907,GTAGGAGTTCT,910654,910665,+,910669,910846,11
889,gene-NCTC11427_00908,GTTTTAACATG,910834,910845,+,910849,911386,11
890,gene-NCTC11427_00909,ACGAAGGTGAG,911418,911429,+,911433,911631,11
891,gene-NCTC11427_00910,AGGACAAGGCA,911587,911598,+,911602,912067,11
892,gene-NCTC11427_00911,AGGAAGGAAAT,912048,912059,+,912063,912453,11
893,gene-NCTC11427_00912,CAAGCTGTCAA,912554,912565,+,912569,912839,11
894,gene-NCTC11427_00913,TGGGAGGAGAT,912820,912831,+,912835,913234,11
895,gene-NCTC11427_00914,GGGAAGGTATT,913313,913324,+,913328,913706,11
896,gene-NCTC11427_00915,GCAGCTGTAGG,913868,913879,+,913883,914807,11
897,gene-NCTC11427_00916,ATTTAATGTTT,914816,914827,+,914831,915332,11
898,gene-NCTC11427_00917,GCAGGAGTCCT,915391,915402,+,915406,915640,11
899,gene-NCTC11427_00918,TAAGGAGGTAA,916092,916103,+,916107,916725,11
900,gene-NCTC11427_00919,GTAAGGAGGAA,916750,916761,+,916765,917620,11
901,gene-NCTC11427_00920,AGAAAGGTGGC,917634,917645,+,917649,918039,11
902,gene-NCTC11427_00921,TTTTTGGAGAT,918258,918269,+,918273,918945,11
903,gene-NCTC11427_00922,GATTTAAAGGT,918989,919000,+,919004,919667,11
904,gene-NCTC11427_00923,TAGAAAAGGAG,919814,919825,+,919829,920288,11
905,gene-NCTC11427_00924,GACTAACTTGA,920282,920293,+,920297,920591,11
906,gene-NCTC11427_00925,TAAAAAGGACT,920614,920625,+,920629,920992,11
907,gene-NCTC11427_00926,AAAGGAGTATT,921157,921168,+,921172,922054,11
908,gene-NCTC11427_00927,ACGATTGGAGG,922102,922113,+,922117,922609,11
909,gene-NCTC11427_00928,CTAGGAGACAG,922770,922781,+,922785,924528,11
910,gene-NCTC11427_00929,AGGAGGATTAA,924632,924643,+,924647,924959,11
911,gene-NCTC11427_00930,AGTATTAATTA,924947,924958,+,924962,925676,11
912,gene-NCTC11427_00931,TGGAGGATTAA,925851,925862,+,925866,926421,11
913,gene-NCTC11427_00932,GTAAAGGAGTA,927028,927039,+,927043,928504,11
914,gene-NCTC11427_00933,AGAAAGGAGAA,928489,928500,+,928504,929365,11
915,gene-NCTC11427_00934,AGAGGAAGGAA,929346,929357,+,929361,930621,11
916,gene-NCTC11427_00935,GCAAATGGTGG,930605,930616,+,930620,931748,11
917,gene-NCTC11427_00936,TAAAGGGAGAT,931729,931740,+,931744,932830,11
918,gene-NCTC11427_00937,GAATAGGAGAA,932824,932835,+,932839,933715,11
919,gene-NCTC11427_00938,AGAAAGAGGTT,933844,933855,+,933859,934597,11
920,gene-NCTC11427_00939,GAAAGGACGAG,934688,934699,+,934703,935402,11
921,gene-NCTC11427_00940,AAAAGGAGATA,935386,935397,+,935401,936280,11
922,gene-NCTC11427_00941,AATAGGAGAAA,937075,937086,-,936318,937071,11
923,gene-NCTC11427_00942,CAAAAGGAGAA,937994,938005,-,937081,937990,11
924,gene-NCTC11427_00943,AGAAAAGGAAG,938946,938957,-,938132,938942,11
925,gene-NCTC11427_00944,ATTTAAGGAGA,939073,939084,+,939088,939550,11
926,gene-NCTC11427_00945,AGTTGGAGGAT,939527,939538,+,939542,939962,11
927,gene-NCTC11427_00946,GCAAACGAGGC,940053,940064,+,940068,943344,11
928,gene-NCTC11427_00947,AGAGGAGTTGA,943325,943336,+,943340,946994,11
929,gene-NCTC11427_00948,TAGAAAGGAGA,946996,947007,+,947011,948190,11
930,gene-NCTC11427_00949,CGTGGAGGTAG,948783,948794,-,948563,948779,11
931,gene-NCTC11427_00950,AAGGGGAAAAA,948980,948991,+,948995,949847,11
932,gene-NCTC11427_00951,CATTGGACGAC,949818,949829,+,949833,950613,11
933,gene-NCTC11427_00952,TAAGAGGAAAT,950610,950621,+,950625,952176,11
934,gene-NCTC11427_00953,TTGAAAGGATT,952212,952223,+,952227,952974,11
935,gene-NCTC11427_00954,AGGAGAAAAGC,953109,953120,+,953124,953547,11
936,gene-NCTC11427_00955,AAGAGGGGAAC,953531,953542,+,953546,953645,11
937,gene-NCTC11427_00956,AAAGAGGAAAT,953632,953643,+,953647,954085,11
938,gene-NCTC11427_00957,AACAGGAGAAC,954069,954080,+,954084,954450,11
939,gene-NCTC11427_00958,AGGAGAACAAC,954476,954487,+,954491,954926,11
940,gene-NCTC11427_00959,AGAAGGGGAGC,954910,954921,+,954925,955150,11
941,gene-NCTC11427_00960,AGGAGAACAAC,955135,955146,+,955150,955594,11
942,gene-NCTC11427_00961,AACAGGAGAAC,955578,955589,+,955593,955767,11
943,gene-NCTC11427_00962,CAGATATTCCA,955699,955710,+,955714,955930,11
944,gene-NCTC11427_00963,AGGAGGAAATC,955956,955967,+,955971,956394,11
945,gene-NCTC11427_00964,CACAGGAGAAC,956378,956389,+,956393,957647,11
946,gene-NCTC11427_00965,CAAGGAGTTCA,957613,957624,+,957628,958021,11
947,gene-NCTC11427_00966,AACTAAGGAGA,957986,957997,+,958001,958292,11
948,gene-NCTC11427_00967,TTATGGAGAAA,958416,958427,+,958431,959502,11
949,gene-NCTC11427_00968,TGCTTTAGATA,959483,959494,+,959498,959588,11
950,gene-NCTC11427_00969,AAGGAGTTATT,960226,960237,-,959580,960222,11
951,gene-NCTC11427_00970,ATTTTTGGAAA,961320,961331,-,960326,961316,11
952,gene-NCTC11427_00971,TAAAGGAAGTA,963219,963230,-,961508,963215,11
953,gene-NCTC11427_00972,AGAATTGGAGA,964307,964318,-,963259,964303,11
954,gene-NCTC11427_00973,GAGAAAGAGAT,965748,965759,-,964751,965744,11
955,gene-NCTC11427_00974,TAGAAAGGCAA,966733,966744,-,965760,966729,11
956,gene-NCTC11427_00975,GAATAGAGAGC,968253,968264,-,966908,968249,11
957,gene-NCTC11427_00976,TAAAGGAGAAA,969563,969574,-,968290,969559,11
958,gene-NCTC11427_00977,AGATAAGGAGA,970040,970051,-,969571,970036,11
959,gene-NCTC11427_00978,ATGAAGGAGTT,970703,970714,-,970045,970699,11
960,gene-NCTC11427_00979,AAGGAAAACTT,971457,971468,-,970760,971453,11
961,gene-NCTC11427_00980,TATTAAGGAGA,972683,972694,-,971584,972679,11
962,gene-NCTC11427_00981,TTTGAAAGGTC,973982,973993,-,972688,973978,11
963,gene-NCTC11427_00982,AGTAGGAGAAT,974739,974750,-,974318,974735,11
964,gene-NCTC11427_00983,TAGGATGATAG,975329,975340,-,974821,975325,11
965,gene-NCTC11427_00984,GAAGGGAGAAA,976156,976167,-,975609,976152,11
966,gene-NCTC11427_00985,AGGAGGCAGAG,977197,977208,-,976278,977193,11
967,gene-NCTC11427_00986,GAAAAGAAGAA,978215,978226,-,977377,978211,11
968,gene-NCTC11427_00987,TATTAGGAAGA,978915,978926,-,978416,978911,11
969,gene-NCTC11427_00988,AAAGGAGAGTA,980348,980359,-,979039,980344,11
970,gene-NCTC11427_00989,TGATATACTGT,980491,980502,+,980506,980953,11
971,gene-NCTC11427_00990,GAATGAGAGGG,982069,982080,-,980949,982065,11
972,gene-NCTC11427_00991,TAGAAAGGAAA,982723,982734,-,982074,982719,11
973,gene-NCTC11427_00992,AGAGGACATTT,984215,984226,-,982777,984211,11
974,gene-NCTC11427_00993,TGGGGGTAGCA,985351,985362,-,984207,985347,11
975,gene-NCTC11427_00994,ATAAAGGAGTA,986483,986494,-,985336,986479,11
976,gene-NCTC11427_00995,AAGAAAGGGGA,988536,988547,-,986636,988532,11
977,gene-NCTC11427_00996,CAGGAGGAAGA,990233,990244,-,988804,990229,11
978,gene-NCTC11427_00997,GAATTAGGAAA,992715,992726,-,990425,992711,11
979,gene-NCTC11427_00998,ATTATGAATGA,994813,994824,-,992862,994809,11
980,gene-NCTC11427_00999,AGAGGAGCTTT,996093,996104,-,994910,996089,11
981,gene-NCTC11427_01000,GATGCTCGTTA,996644,996655,-,996169,996640,11
982,gene-NCTC11427_01001,GAGCAGGTGTA,997037,997048,-,996736,997033,11
983,gene-NCTC11427_01002,TAGTAAAATAG,998942,998953,-,997036,998938,11
984,gene-NCTC11427_01003,AAAGGAGAATC,1000175,1000186,-,999016,1000171,11
985,gene-NCTC11427_01004,CAAAGGAGACA,1000564,1000575,+,1000579,1002298,11
986,gene-NCTC11427_01005,AAGCGAGGTAA,1002394,1002405,+,1002409,1002757,11
987,gene-NCTC11427_01006,AAGGGAGATGG,1006047,1006058,-,1002791,1006043,11
988,gene-NCTC11427_01007,GAGAAAGGTTG,1007918,1007929,-,1006042,1007914,11
989,gene-NCTC11427_01008,AAATAGAAGAC,1008835,1008846,-,1008021,1008831,11
990,gene-NCTC11427_01009,ACTATATGAGA,1010186,1010197,-,1008832,1010182,11
991,gene-NCTC11427_01010,AGAAAAGGTGA,1010886,1010897,-,1010174,1010882,11
992,gene-NCTC11427_01011,TGTTATACTAG,1012121,1012132,-,1010938,1012117,11
993,gene-NCTC11427_01012,TAAAGGAGAAA,1013178,1013189,-,1012199,1013174,11
994,gene-NCTC11427_01013,CGGCGAGGTGG,1014118,1014129,-,1013217,1014114,11
995,gene-NCTC11427_01014,ATAGTGACGAT,1014933,1014944,-,1014110,1014929,11
996,gene-NCTC11427_01015,TACAAGGGAGA,1015588,1015599,-,1014912,1015584,11
997,gene-NCTC11427_01016,GAAAAGGTTGA,1015697,1015708,+,1015712,1016282,11
998,gene-NCTC11427_01017,AGAGGACGGTC,1016378,1016389,+,1016393,1017353,11
999,gene-NCTC11427_01018,AAATAAGGTGA,1017347,1017358,+,1017362,1018478,11
1000,gene-NCTC11427_01019,TTGGAGATTAA,1018467,1018478,+,1018482,1018830,11
1001,gene-NCTC11427_01020,GAAAGATAATT,1018821,1018832,+,1018836,1019052,11
1002,gene-NCTC11427_01021,AAAGGTTGTGA,1019119,1019130,+,1019134,1019776,11
1003,gene-NCTC11427_01022,AAAGCGAAAGC,1019776,1019787,+,1019791,1020481,11
1004,gene-NCTC11427_01023,GTGAGGAGGAT,1021162,1021173,-,1020477,1021158,11
1005,gene-NCTC11427_01024,AGTAAGGAAGA,1023496,1023507,-,1021200,1023492,11
1006,gene-NCTC11427_01025,TTAGAGGAGTT,1025350,1025361,-,1023675,1025346,11
1007,gene-NCTC11427_01026,GTGTACAATAG,1025559,1025570,+,1025574,1026264,11
1008,gene-NCTC11427_01027,ATAGAAAGGAA,1026260,1026271,+,1026275,1026827,11
1009,gene-NCTC11427_01028,TAAAGGAAACC,1026795,1026806,+,1026810,1027374,11
1010,gene-NCTC11427_01029,TGAGGAGAAAA,1027776,1027787,-,1027412,1027772,11
1011,gene-NCTC11427_01030,TAAATGGAGGT,1027892,1027903,+,1027907,1028435,11
1012,gene-NCTC11427_01031,CTAAAAGGAAA,1028431,1028442,+,1028446,1028962,11
1013,gene-NCTC11427_01032,AAAGCGAGTAA,1029430,1029441,-,1028958,1029426,11
1014,gene-NCTC11427_01033,AAAAGAGGAAT,1029897,1029908,-,1029449,1029893,11
1015,gene-NCTC11427_01034,AAGAAGGAGGC,1030431,1030442,-,1030040,1030427,11
1016,gene-NCTC11427_01035,AAGGAGTAGAT,1030940,1030951,-,1030372,1030936,11
1017,gene-NCTC11427_01036,TAGAGGGAAGT,1031430,1031441,-,1030922,1031426,11
1018,gene-NCTC11427_01037,GAAGGAGAAAA,1032023,1032034,-,1031515,1032019,11
1019,gene-NCTC11427_01038,GCAGATGAGGC,1034028,1034039,-,1032035,1034024,11
1020,gene-NCTC11427_01039,AAAAGGAGACT,1034189,1034200,+,1034204,1036370,11
1021,gene-NCTC11427_01040,AAAGAGGATTC,1036354,1036365,+,1036369,1037110,11
1022,gene-NCTC11427_01041,AAATTAGGTAG,1037244,1037255,+,1037259,1038747,11
1023,gene-NCTC11427_01042,AAGGAGAATTA,1040097,1040108,-,1038791,1040093,11
1024,gene-NCTC11427_01043,TATGGAGGGTT,1040919,1040930,-,1040096,1040915,11
1025,gene-NCTC11427_01044,AGAATGAAGGA,1041710,1041721,-,1040914,1041706,11
1026,gene-NCTC11427_01045,AGAAAGGAGAT,1041896,1041907,+,1041911,1042607,11
1027,gene-NCTC11427_01046,GCGAGGTGAAT,1044639,1044650,-,1042646,1044635,11
1028,gene-NCTC11427_01047,AAGAAGGAGAA,1045399,1045410,-,1044636,1045395,11
1029,gene-NCTC11427_01048,TTTTTGAGGTA,1046905,1046916,-,1045809,1046901,11
1030,gene-NCTC11427_01049,ATTAGGGAGAT,1047631,1047642,-,1046904,1047627,11
1031,gene-NCTC11427_01050,AGTTAGGATTT,1049333,1049344,-,1047637,1049329,11
1032,gene-NCTC11427_01051,AAAGAGGAAAC,1049715,1049726,-,1049438,1049711,11
1033,gene-NCTC11427_01052,CGCTCTTAGCT,1050218,1050229,-,1049770,1050214,11
1034,gene-NCTC11427_01053,TGGTATAATAG,1052334,1052345,-,1050200,1052330,11
1035,gene-NCTC11427_01054,AAAAGAGGTAG,1052445,1052456,+,1052460,1052592,11
1036,gene-NCTC11427_01055,GAGAAGAAAAA,1052577,1052588,+,1052592,1053498,11
1037,gene-NCTC11427_01056,GTTTGGAGTGT,1053479,1053490,+,1053494,1054310,11
1038,gene-NCTC11427_01057,CGACTGAGGTT,1055518,1055529,-,1054461,1055514,11
1039,gene-NCTC11427_01058,AGACGAGGCTT,1056300,1056311,-,1055522,1056296,11
1040,gene-NCTC11427_01059,TGATATAATAG,1057386,1057397,-,1056431,1057382,11
1041,gene-NCTC11427_01060,GAAAGGGCTGG,1061069,1061080,-,1057525,1061065,11
1042,gene-NCTC11427_01061,TAGAAAGAGGT,1061758,1061769,-,1061055,1061754,11
1043,gene-NCTC11427_01062,ATAATAAGACA,1062014,1062025,-,1061936,1062010,11
1044,gene-NCTC11427_01063,AAACGAGACAT,1063067,1063078,-,1062076,1063063,11
1045,gene-NCTC11427_01064,ATACTGGTGAT,1064545,1064556,-,1063236,1064541,11
1046,gene-NCTC11427_01065,TAAAGGAGTAT,1066247,1066258,-,1064527,1066243,11
1047,gene-NCTC11427_01066,AAAGGAAATAG,1067182,1067193,-,1066398,1067178,11
1048,gene-NCTC11427_01067,CAGTAAGGAGA,1067800,1067811,-,1067202,1067796,11
1049,gene-NCTC11427_01068,ATTTGGAGGTA,1069192,1069203,-,1067805,1069188,11
1050,gene-NCTC11427_01069,CATCATTGAAA,1069465,1069476,-,1069191,1069461,11
1051,gene-NCTC11427_01070,GTAAAGGAGAA,1070499,1070510,-,1069457,1070495,11
1052,gene-NCTC11427_01071,AAAAGGGGAAA,1072073,1072084,-,1070506,1072069,11
1053,gene-NCTC11427_01072,TAGCAGTTTTC,1073044,1073055,-,1072383,1073040,11
1054,gene-NCTC11427_01073,ATCAAGGAGAA,1073720,1073731,-,1073083,1073716,11
1055,gene-NCTC11427_01074,TATCTAGGAGA,1074173,1074184,-,1073809,1074169,11
1056,gene-NCTC11427_01075,AAAAGGTGTGA,1076367,1076378,-,1074275,1076363,11
1057,gene-NCTC11427_01076,GAAATGGAGTT,1077333,1077344,-,1076480,1077329,11
1058,gene-NCTC11427_01077,TGGAAAGGTGG,1078037,1078048,-,1077409,1078033,11
1059,gene-NCTC11427_01078,GAAAGGAAGAG,1080001,1080012,-,1078173,1079997,11
1060,gene-NCTC11427_01079,ACGAGGATGAA,1080808,1080819,-,1080075,1080804,11
1061,gene-NCTC11427_01080,AAATGGTAGGT,1082476,1082487,-,1080804,1082472,11
1062,gene-NCTC11427_01081,ATAGAGAATTT,1082914,1082925,-,1082478,1082910,11
1063,gene-NCTC11427_01082,AAAGTTTGAGA,1083722,1083733,-,1082902,1083718,11
1064,gene-NCTC11427_01083,AGAAAGTGATT,1084590,1084601,-,1083710,1084586,11
1065,gene-NCTC11427_01084,AATTAGAGGTT,1084799,1084810,-,1084582,1084795,11
1066,gene-NCTC11427_01085,GAATAGTAGGT,1086117,1086128,-,1084772,1086113,11
1067,gene-NCTC11427_01086,AAAACGGAGGA,1086884,1086895,-,1086241,1086880,11
1068,gene-NCTC11427_01087,GTGAGAAAAAA,1087875,1087886,-,1086992,1087871,11
1069,gene-NCTC11427_01088,AGAAAGAGGAA,1089161,1089172,-,1087882,1089157,11
1070,gene-NCTC11427_01089,TTTGGAGGTCG,1090536,1090547,-,1089251,1090532,11
1071,gene-NCTC11427_01090,GTTTAGGAGTT,1091484,1091495,-,1090682,1091480,11
1072,gene-NCTC11427_01091,AGAAGGTGAAG,1092439,1092450,-,1091679,1092435,11
1073,gene-NCTC11427_01092,ATGAGGCATTT,1094907,1094918,-,1092434,1094903,11
1074,gene-NCTC11427_01093,GGAGATGTTTA,1095081,1095092,+,1095096,1096083,11
1075,gene-NCTC11427_01094,GGAGGATTTGT,1096492,1096503,-,1096212,1096488,11
1076,gene-NCTC11427_01095,TAGAAAGATTG,1097436,1097447,-,1096595,1097432,11
1077,gene-NCTC11427_01096,AAGTGAGGAAC,1097558,1097569,+,1097573,1098422,11
1078,gene-NCTC11427_01097,GGCTGGTTGAC,1099528,1099539,-,1098444,1099524,11
1079,gene-NCTC11427_01098,TAGTGGAGATG,1099846,1099857,-,1099545,1099842,11
1080,gene-NCTC11427_01099,GATTATTGGCG,1100500,1100511,-,1100052,1100496,11
1081,gene-NCTC11427_01100,GAAAGAAAGGA,1102058,1102069,-,1100641,1102054,11
1082,gene-NCTC11427_01101,CAAAGGAGTTT,1102556,1102567,-,1102111,1102552,11
1083,gene-NCTC11427_01102,GCTAAGGGGAA,1103769,1103780,-,1102538,1103765,11
1084,gene-NCTC11427_01103,TTTTAGGAGAA,1105042,1105053,-,1103775,1105038,11
1085,gene-NCTC11427_01104,AAGAAAGGAAC,1105840,1105851,-,1105065,1105836,11
1086,gene-NCTC11427_01105,TGAGGAGAAAG,1107872,1107883,-,1106209,1107868,11
1087,gene-NCTC11427_01106,TGATATAATAG,1108369,1108380,-,1107867,1108365,11
1088,gene-NCTC11427_01107,TGGAGGATTTT,1109654,1109665,-,1108447,1109650,11
1089,gene-NCTC11427_01108,CTCTCCATTCA,1109891,1109902,-,1109815,1109887,11
1090,gene-NCTC11427_01109,GTTCTCGTTAA,1109981,1109992,-,1109894,1109977,11
1091,gene-NCTC11427_01110,GAAAAGAGGTA,1110260,1110271,-,1110025,1110256,11
1092,gene-NCTC11427_01111,ATAAAGGAGAA,1111395,1111406,-,1110368,1111391,11
1093,gene-NCTC11427_01112,TCCCTGGAGGA,1113970,1113981,-,1111521,1113966,11
1094,gene-NCTC11427_01113,AGGAGCTAGAC,1115105,1115116,-,1114216,1115101,11
1095,gene-NCTC11427_01114,ATTGGAGGTGC,1115622,1115633,-,1115090,1115618,11
1096,gene-NCTC11427_01115,TAAGGGGCATG,1116457,1116468,-,1115976,1116453,11
1097,gene-NCTC11427_01116,AATAGGAGGTT,1118413,1118424,-,1116465,1118409,11
1098,gene-NCTC11427_01117,TGGTATAATAG,1118529,1118540,+,1118544,1119186,11
1099,gene-NCTC11427_01118,AGGAGGTAAGT,1120181,1120192,-,1119220,1120177,11
